#OTU ID	sample1	sample2	sample3	sample4	sample5	sample6	sample7	sample8	sample9	sample10	sample11	sample12	sample13	sample14	sample15	sample16	sample17	sample18	sample19	sample20	sample21	sample22	sample23	sample24	sample25	sample26	sample27	sample28	sample29	sample30	sample31	sample32	sample33	sample34	sample35	sample36	sample37	sample38	sample39	sample40	sample41	sample42	sample43	sample44	sample45	sample46	sample47	sample48	sample49	sample50	sample51	sample52	sample53	sample54	sample55	sample56	sample57	sample58	sample59	sample60	sample61	sample62	sample63	sample64	sample65	sample66	sample67	sample68	sample69	sample70	sample71	sample72	sample73	sample74	sample75	sample76	sample77	sample78	sample79	sample80	sample81	sample82	sample83	sample84	sample85	sample86	sample87	sample88	sample89	sample90	sample91	sample92	sample93	sample94	sample95	sample96	sample97	sample98	sample99	sample100
sp1	0	0	0	39451	36608	52460	0	0	75004	26588	133151	368	0	0	0	0	0	111154	0	9	0	12	170932	0	0	99562	0	0	0	0	0	0	0	0	35874	9859	0	0	0	0	127846	0	90138	0	232	0	69222	0	62385	0	0	0	0	0	0	40882	0	0	0	0	0	0	0	0	0	0	0	127885	0	154583	0	0	87523	0	6	175897	114403	0	0	121350	1	74158	0	88161	0	0	0	0	109514	0	101324	0	0	15912	0	1	0	30140	12350	55162
sp2	0	0	0	0	0	0	0	0	0	0	0	0	0	0	0	0	0	0	0	0	0	0	0	0	0	0	0	0	0	0	0	0	0	0	0	0	0	0	0	0	0	0	0	0	0	0	0	0	0	0	0	0	0	0	0	0	0	0	0	0	0	0	0	0	0	0	0	0	0	0	0	0	0	0	0	0	0	0	0	0	0	0	0	0	0	0	0	0	0	0	0	0	0	0	0	0	0	0	0	0
sp3	91008	0	80379	29545	0	7	125948	0	3075	100853	0	21198	3	123962	120216	202663	0	43031	0	597	157138	0	12	8794	160633	106757	15934	54782	0	0	8	157708	69406	82	102308	76474	75	87	64908	16860	11	163965	88719	1	50477	237165	31675	87430	101443	12	72921	0	43413	68482	0	137910	48542	66381	0	0	64546	0	0	15491	0	0	0	0	175072	0	37891	84715	50728	96659	2	45537	8595	102202	79533	328	91026	15	122896	0	84971	0	22289	3558	117321	0	33	54543	143074	38623	112731	36164	155574	61026	93041	52694
sp4	0	0	125641	0	0	0	732	82344	0	0	104168	0	0	51276	31284	84649	76457	2249	0	0	135799	15701	0	91574	59169	0	105570	66837	9325	74585	51432	56013	0	102439	0	0	17967	20941	107864	113655	0	43952	0	28406	111967	2414	0	1	15968	126548	6767	76400	28118	115207	36698	29408	0	104579	108178	2609	65845	107125	115426	0	109204	35069	118910	0	19965	50205	73671	95336	56174	37568	101176	51857	9157	114794	116065	28	160	0	0	0	116999	41908	102158	14418	10645	103376	0	7695	0	71575	35423	65506	0	42186	0	278
sp5	0	10271	0	0	0	0	0	0	0	0	0	0	0	0	5129	0	0	0	127191	696	0	0	0	0	0	0	0	0	0	0	0	0	0	0	0	0	0	0	0	0	170687	0	0	0	0	0	0	5	0	0	0	0	0	0	0	0	0	0	0	0	0	0	0	0	0	0	0	0	0	0	0	0	0	0	0	0	0	0	0	0	131994	88275	0	4	0	0	0	0	0	0	131563	0	0	0	0	0	0	0	0	0
sp6	0	0	0	0	0	0	0	0	0	0	0	0	51603	0	0	0	312	0	0	0	0	0	0	0	0	0	77457	0	0	0	61386	0	0	0	0	0	52361	30333	0	111507	0	0	0	0	56848	0	0	0	0	0	0	110747	0	0	0	0	0	0	0	0	0	0	13988	1262	101929	0	0	0	0	0	0	0	54262	0	77526	0	0	86821	98827	0	0	0	0	0	0	43339	97	0	0	26930	0	0	0	0	0	0	0	11600	0	0
sp7	57218	116511	1138	134420	73672	47389	0	77748	514	2	78066	37614	10686	9083	88383	0	35096	1705	31390	82911	0	102323	60859	0	0	0	0	16123	89999	81049	0	0	0	44498	8258	0	1	0	0	0	6125	0	78883	10838	0	614	106900	0	0	28222	34650	32984	425	0	36	1805	0	0	63884	119002	39085	93196	51905	29358	114061	46442	158076	136333	0	0	1	20679	20440	6238	12	0	49777	0	0	61813	0	87931	0	1013	22	1709	91864	59855	0	0	0	0	0	537	0	0	0	0	331	24524
sp8	139457	62770	202969	0	0	143032	97670	2	123099	0	673	89517	88535	177003	202615	56136	66349	0	0	124516	98051	51586	3	151924	53525	34320	253130	0	0	194950	0	193460	162682	89863	1746	57333	73002	3441	5	151774	0	743	0	147255	177481	46072	111777	138306	49375	1023	134908	50262	186103	264550	0	49686	189165	179565	162144	0	235620	237388	123176	43879	103389	69723	86164	169869	74105	0	177170	259376	18043	10626	50332	0	0	40668	0	0	86173	126	63447	0	64206	458	192455	0	0	179692	0	132644	169810	111648	151172	62338	19945	0	87071	56985
sp9	0	0	0	0	0	0	0	0	0	0	0	0	0	0	0	109956	0	0	0	0	136924	0	0	0	151089	0	0	0	0	0	0	63275	0	0	0	0	0	0	101311	35086	0	0	0	0	165246	60475	0	0	0	0	0	0	0	0	0	0	0	47327	0	0	0	0	0	32206	65	0	0	0	0	0	0	0	0	85894	0	0	0	213077	0	30987	0	0	0	0	5	0	0	0	0	0	0	0	0	0	140183	0	0	0	0	0
sp10	0	13702	0	0	85854	0	27393	92507	0	0	128203	0	0	0	276	0	0	0	1	0	0	0	0	0	0	0	88261	0	0	0	59879	0	0	6975	0	0	23041	0	0	0	0	0	67594	0	0	0	1	0	32267	0	15627	82559	0	0	0	0	120585	0	4	74475	11	0	0	0	0	32382	0	58876	0	0	0	7092	0	0	16837	0	0	0	0	0	0	0	0	141331	0	162189	30321	0	0	0	1	0	0	0	0	78	0	19392	35922	0
sp11	69169	29938	84107	58726	16	86693	51533	0	83346	25472	0	0	90732	148797	0	0	0	46220	0	93717	0	0	111652	90011	0	117766	0	66497	62960	46308	147782	116049	148225	48166	4180	122267	37710	7929	0	133510	0	116826	55309	46414	0	34579	5858	0	36462	63147	59082	47711	0	49598	100549	30223	22653	92625	35356	21006	0	0	80905	0	29605	1	0	0	76111	98883	0	60548	6	51952	31684	59311	16350	0	0	54623	0	11	0	1	86684	0	0	0	175184	82	0	17073	0	0	50236	85213	96	0	7903	45845
sp12	207791	216048	0	264983	3	180194	22094	32852	52479	40697	43062	150448	34074	41981	38307	0	145948	105515	190192	174103	122109	193666	187035	0	109577	83071	0	0	81117	112391	0	52911	137134	64744	203565	117788	91698	64941	190272	43527	171840	0	1	15604	0	2	46893	74384	49242	34135	13	9328	144696	93431	133077	128464	48	176534	99190	101229	83785	122380	62027	39003	35106	160789	134427	168357	4762	228720	46085	91429	110196	54720	103906	220964	38362	0	0	172753	57210	158586	109816	74710	0	1219	144613	113706	0	118434	109568	80774	95734	152987	53064	22713	90232	101199	76803	54636
sp13	9206	55936	77715	43684	123738	70306	156024	20653	147655	7685	31591	869	179187	178785	154928	107530	173772	80699	5404	99498	4972	3645	0	184810	39983	113476	151261	153821	177204	66422	41068	37817	80217	146251	241	143	71248	135039	13590	186750	0	171617	66270	165207	124122	163374	132585	184113	33844	183570	80464	67430	88882	170570	39520	0	127654	10150	156067	64031	60009	77152	37717	123556	196391	21428	43692	21643	88882	0	137859	98154	36893	45155	30864	0	34830	115032	129746	3	21	1418	18755	0	122920	38	170754	177099	49811	166274	38899	152105	135486	63464	131919	152740	134428	55740	31740	34770
sp14	0	0	0	0	0	0	0	0	0	0	0	0	0	0	0	0	0	0	0	0	0	0	0	0	0	0	0	0	0	0	0	0	0	0	0	0	0	0	0	0	0	0	0	0	0	0	0	0	0	0	0	0	0	0	0	0	0	0	0	0	0	0	0	0	0	0	0	0	0	0	0	0	0	0	0	0	0	0	0	0	0	0	0	0	0	0	0	0	0	0	0	0	0	0	0	0	0	0	0	0
sp15	35551	28958	75387	0	0	1	0	0	0	0	974	0	0	0	0	963	92018	0	0	0	257	0	702	0	26910	0	18647	35179	0	0	0	0	0	307	0	37393	0	0	0	0	0	0	0	138264	0	0	0	0	5359	11981	0	0	7434	0	52421	0	0	157191	15830	461	90100	0	122325	0	0	0	58533	214	0	0	126170	11448	0	13371	0	0	0	0	0	0	0	0	0	0	0	0	113668	0	0	0	0	8725	0	0	0	0	0	0	0	0
sp16	79098	185423	89570	7111	0	120087	3917	78052	0	0	193726	119028	0	44197	30	15294	95202	39047	6	0	184486	26308	124660	129990	141509	7067	26219	151031	101004	144937	179607	0	141135	205042	0	34281	36861	0	102218	122155	0	0	8	62981	110022	134208	885	46122	115667	124888	0	16728	151343	189940	0	51488	0	0	180594	38043	27011	0	0	0	42249	65539	0	0	0	47272	91722	108702	4652	130782	0	180015	0	110150	127006	18	125742	0	165783	12391	93603	154836	0	1	194581	138337	0	102351	83564	147347	137089	81406	44894	69772	0	0
sp17	34436	3	0	169614	167750	698	47375	0	155129	174658	0	63723	163960	87651	136451	73796	7076	106088	126788	159609	132	145530	11936	64851	0	139746	218	0	3	35850	26053	129728	70439	0	139731	26114	118640	147784	5	0	135316	115236	77632	0	18	5144	50548	132704	55689	0	105578	92	28889	0	0	35882	119383	0	0	61906	0	71573	21577	65982	0	0	77053	85089	124418	143927	0	0	5196	62866	5130	5	159405	932	0	125401	0	198653	9113	128546	90318	38078	0	128313	13518	71459	94465	120259	157170	2	59416	118253	56261	79134	178495	144551
sp18	0	0	0	136265	9065	0	24067	191383	0	144810	85938	1	0	0	0	120	0	79127	0	0	0	107004	14119	0	2	100027	0	68403	0	0	0	0	0	0	206068	0	0	278	0	0	0	148997	0	0	0	0	0	0	15828	570	39177	79903	0	0	19673	54458	0	0	0	1	0	0	0	51467	0	0	0	0	18482	92540	0	0	0	0	0	0	71529	107442	0	130204	0	0	0	0	0	1	0	0	0	0	0	4927	0	0	0	36100	0	0	0	0
sp19	185728	25085	91454	114566	117347	199234	119412	50869	153037	195550	97834	97763	145560	178725	7928	39991	61230	99445	95445	75282	129834	21829	109934	103449	171480	182254	10	100148	130011	148785	0	93231	196206	191154	50660	5683	105929	179669	139386	103435	90421	129561	163979	0	151082	95956	161564	178321	88986	172629	80059	98060	146286	179389	29006	3700	157466	541	192581	23667	37252	88174	6222	31569	136	150416	177391	116686	4176	107927	9517	14463	15983	106552	0	155455	198072	149507	2	154188	31997	131205	167560	67455	178853	18568	39433	67792	192869	171342	62177	166958	172157	175200	23566	145605	110800	92398	97711	70485
sp20	0	0	0	0	0	0	0	0	0	0	0	0	0	0	0	0	0	0	0	0	0	0	0	0	0	0	0	0	0	0	0	0	0	0	0	0	0	0	0	0	0	0	0	0	0	0	0	0	0	0	0	0	0	0	0	0	0	0	0	0	0	0	0	0	0	0	0	0	0	0	0	0	0	0	0	0	0	0	0	0	0	0	0	0	0	0	0	0	0	0	0	0	0	0	0	0	0	0	0	0
sp21	43220	153432	0	43449	153062	168542	0	35728	180483	0	111	47085	121232	17598	13607	13984	102360	0	110422	134354	0	4	11828	37456	22	22035	66557	10866	33361	20628	13	71317	21509	57062	46	93905	119240	73034	0	74503	117709	0	86674	178480	43780	28909	2829	134157	0	135416	0	0	122774	5327	72430	2	104483	0	12514	17277	128636	16059	28158	134460	112643	126345	0	73045	0	343	221	0	3335	0	8229	0	39	34741	558	111226	0	57703	60559	174314	107146	150852	0	91	67930	59903	124547	73037	69140	130894	13	73450	48	71083	38	26124
sp22	11547	124936	0	0	0	69534	0	0	27878	25299	0	40591	24646	0	26	17197	44244	94690	494	0	1698	19	0	21474	2	0	103244	898	51289	36952	85935	31295	130239	55764	0	44890	37087	3969	41180	72532	91110	1	5429	47222	94439	18268	0	20698	87325	0	314	7	13025	23645	4426	0	70038	112863	0	53866	31010	74374	0	603	0	73271	54857	0	4	24564	84733	7736	92662	23251	79956	20083	80914	0	26160	0	85078	111200	65133	0	76288	831	37441	117803	0	84	42653	0	41987	65069	39746	0	13680	103482	0	73190
sp23	0	0	0	0	0	0	0	0	0	0	0	0	0	0	0	0	0	0	0	0	0	0	0	0	0	0	0	0	0	0	0	0	0	0	0	0	0	0	0	0	0	0	0	0	0	0	0	0	0	0	0	0	0	0	0	0	0	0	0	0	0	0	0	0	0	0	0	0	0	0	0	0	0	0	0	0	0	0	0	0	0	0	0	0	0	0	0	0	0	0	0	0	0	0	0	0	0	0	0	0
sp24	11400	104265	63099	0	183021	103094	3976	0	29568	30	65116	26760	114405	112076	4	0	106922	0	119125	95984	113278	0	150041	91588	106126	66543	78415	77859	131734	143081	187000	168311	6	39128	0	95224	194024	90103	134978	5	84199	0	148162	12660	38846	92076	117362	73643	34319	79689	44397	62720	3248	42023	9604	107218	77022	18057	164322	103550	77384	110028	99613	100684	139668	167334	53445	174629	123322	76332	124975	97438	160003	134516	75011	125445	44142	1164	144696	74598	107995	114029	131196	137116	91896	161287	141501	54942	196365	58926	58694	53651	126618	139000	1	1	153879	138844	101838	2
sp25	0	0	0	0	0	0	90917	0	0	0	0	0	0	0	0	0	0	0	0	0	0	0	0	0	0	0	0	0	0	0	0	0	0	0	0	0	0	0	0	0	0	0	0	0	0	0	0	0	0	0	0	0	0	0	0	0	0	0	0	0	0	0	0	0	0	0	0	0	0	0	0	0	0	0	0	0	0	0	0	0	0	0	0	0	0	0	0	0	0	0	0	0	0	0	0	0	0	0	0	0
sp26	32904	0	149421	179293	0	0	0	0	0	0	90924	66	109800	0	42796	122112	0	85592	0	0	0	74123	23479	141121	0	0	0	0	54020	80432	26748	8819	115400	9214	0	0	0	0	66818	139230	0	0	5007	10016	49517	0	73397	0	0	52688	2	0	0	104809	145062	0	532	85975	0	9	317	0	143392	5	18199	0	64479	0	0	14596	0	34743	0	112440	17532	0	115735	0	0	148054	0	0	12	0	0	0	28470	161966	74	0	0	27726	0	0	169395	160739	0	0	0	149647
sp27	5	50272	6735	0	8452	70986	21119	144347	110352	130099	7464	56666	68755	81276	118757	0	194547	89053	156510	169394	64166	48557	99458	0	51040	133838	20720	16999	164761	0	165099	97413	0	158419	52224	113432	55633	191317	30913	13445	55470	145278	137631	73394	136745	153539	118280	20197	111268	17	55753	188586	99436	0	17543	161534	51383	108760	112207	68676	114940	17276	60160	154314	150680	94645	0	139823	40977	68740	147647	94104	164812	0	66056	151643	122932	162747	183534	7084	86278	108194	113144	199931	30138	68801	15724	0	119661	172422	167887	28260	121060	177031	33996	42266	84370	71810	155468	0
sp28	177627	39049	125199	4739	289105	156779	4322	188415	285969	61532	112250	337740	166353	115098	169193	128755	203880	214674	195920	83731	116928	152398	129358	118248	185904	99610	49846	218137	0	133359	12697	182021	126669	76234	251232	89219	308649	73245	112794	110541	140513	216823	155782	132856	217121	35288	179011	184550	85398	157246	181185	170873	233761	175717	249469	323863	83768	141394	48382	239010	264468	97824	139249	223011	118051	275766	78338	239159	243925	248012	167996	70884	212471	145019	44864	169679	176259	234926	340493	286606	191820	51992	147264	35813	200049	239097	203922	240304	57169	181602	232541	147302	213369	212092	58704	164494	306274	252693	121173	153375
sp29	0	15	0	181935	26298	23	177319	69861	91575	183754	148268	0	102219	160168	102679	57107	63	0	0	173	129784	0	13913	17637	73855	42923	145300	3341	177088	8022	47340	0	90648	177261	81965	173868	2368	154696	69902	33005	154561	88971	53434	89705	108941	159756	105079	14332	158948	286	124502	118515	0	30797	0	0	152001	147706	172	0	0	167254	0	132733	131407	1508	79819	0	96148	127236	0	123466	37543	0	128208	0	3482	0	0	0	0	78603	38974	174236	2	0	98500	0	120918	147565	0	47420	27	28515	179941	125531	0	0	0	135795
sp30	139714	394	128672	14263	39988	48638	12466	40246	124235	81662	172397	126984	161291	741	49698	99373	127067	64488	42824	1497	25914	103658	15941	109952	74592	139976	86291	48722	3638	68872	29565	14579	80992	99574	33807	104724	103081	92843	31720	21576	34839	118045	31950	41295	119223	33518	106370	60807	63780	6150	66810	33757	39125	72728	90677	82936	9774	167040	1767	113015	116828	150227	2	52861	110920	111408	18841	2	138517	45591	10644	335	75956	153730	20936	0	116586	29910	127797	136489	62623	11602	82704	101941	51078	129604	135941	136467	10058	135013	87446	1088	42796	13786	39856	86373	103688	37064	166	143667
sp31	102706	976	0	165416	196106	0	57279	98344	0	108777	64139	94026	21957	616	0	101587	0	45275	109277	66770	6527	81495	171621	41	0	0	0	110858	151538	60463	129171	49173	0	29368	178847	0	0	160492	47794	0	26838	12249	187878	0	0	38612	90632	11867	57884	137462	22075	3	0	3592	198092	148788	0	11168	33609	144093	0	0	1538	145857	0	2090	0	0	61929	52977	58399	0	89688	121507	117765	72314	159530	84147	85253	138786	0	133053	0	83826	104691	93690	0	98651	190106	0	137968	109225	142	64987	0	128266	0	54609	28271	11264
sp32	123546	156341	110347	0	83376	121566	0	10347	69094	0	55238	6374	5	0	94617	39130	105492	107284	195113	13881	86060	108110	98415	0	216	88720	1	91320	0	134913	83473	176050	50	1196	29546	0	177838	0	91759	90552	0	0	13890	53620	0	47929	72	39751	2	101625	0	93849	64118	104808	137857	149222	0	0	46401	10646	171015	0	178113	0	9577	110940	0	127911	554	99	29493	25758	31998	15086	0	124535	86887	93155	83826	182662	180377	20519	13508	10	15805	83168	71032	156314	14983	11489	143304	30094	105755	43807	0	71374	86361	153101	150964	0
sp33	0	69887	0	150	47	171721	275	125076	53945	0	31673	152280	150327	0	17429	0	97477	0	37791	159354	52762	98646	23	59552	162707	0	79971	35486	0	167176	126957	133120	83879	38530	108986	60279	23538	182143	125881	146286	11663	29622	0	74424	98156	0	0	94097	92789	61695	169486	0	77358	146796	75046	0	41928	167962	87096	5750	15453	1962	76702	135	0	0	47547	0	0	55920	132624	97390	8553	0	89908	124055	0	163333	73293	10039	413	0	156820	104367	99708	6720	53941	119232	161168	168802	172362	150237	0	27632	137452	129303	147070	102112	0	47111
sp34	0	0	0	36629	0	0	112556	0	0	91319	0	0	76591	97987	17788	0	0	0	0	0	0	20782	0	55983	0	53961	54683	0	0	0	0	0	0	0	0	0	0	0	0	0	0	106013	0	0	0	0	0	0	0	0	0	0	0	0	0	0	109775	72469	0	88671	0	880	0	0	0	0	0	0	64140	0	0	0	76471	0	152076	0	0	0	0	0	0	0	0	0	0	0	0	0	0	0	0	0	0	0	0	0	0	0	89298	105725
sp35	149827	3244	48644	101052	8302	62615	0	0	25180	2449	4208	48996	0	0	25590	155772	94390	8	15486	103649	102253	36710	0	0	62231	0	16	141203	37425	0	0	109816	0	74366	20364	17469	0	75200	1074	1845	87570	0	82591	142636	0	161	0	21147	70140	0	117536	0	120309	120870	850	104634	0	51013	38987	0	67723	0	20765	87365	118	5640	123892	21287	18908	0	114819	15671	0	51845	0	3	40162	8035	93185	0	1380	0	0	0	60304	0	2460	74922	134105	14692	32850	47728	0	0	97855	580	83225	0	0	58567
sp36	0	0	0	0	0	0	0	0	0	0	0	0	0	0	0	0	0	0	0	0	0	0	0	0	0	0	0	0	0	0	0	0	0	0	0	0	0	0	0	0	0	0	0	0	0	0	0	0	0	0	0	0	0	0	0	0	0	0	0	0	0	0	0	0	0	0	0	0	0	0	0	0	0	0	0	0	0	0	0	0	0	0	0	0	0	0	0	0	0	0	0	0	0	0	0	0	0	0	0	0
sp37	0	0	44196	0	137011	2529	40	2	0	129245	144048	63399	0	147387	120484	25799	0	120572	26190	25	0	1553	105111	153271	42377	24738	98997	0	52235	184026	0	0	69	0	0	0	135974	0	87632	7862	108252	0	148074	0	53482	107058	77582	162156	28823	184133	0	180879	8798	0	0	24413	15468	62973	158121	114814	125527	0	147980	0	46214	3913	0	78123	45857	133518	140	1	70483	0	0	98954	0	2386	0	165454	52202	113737	52889	19814	0	62962	187609	135436	51649	3388	7	60165	194937	146066	82201	80369	119077	172911	48937	134457
sp38	0	0	0	0	0	0	0	0	0	0	0	0	0	0	0	0	0	0	0	0	0	0	0	0	0	0	0	0	0	0	0	0	0	0	0	0	0	0	0	0	0	0	0	0	0	0	0	0	0	0	0	0	0	0	0	0	0	0	0	0	0	0	0	0	0	0	0	0	0	0	0	0	0	0	0	0	0	0	0	0	0	0	0	0	0	0	0	0	0	0	0	0	0	0	0	0	0	0	0	0
sp39	38	2274	89604	0	0	0	0	113147	0	78264	192635	27731	13871	80342	105440	28453	11182	28024	74991	4	0	14	0	0	34415	117656	43357	0	590	122387	126	54973	16963	54132	0	35	31049	0	0	81498	0	13709	0	0	139293	64660	85666	0	0	94775	31182	108088	518	0	22276	13990	1680	34461	26152	101195	100447	118875	104641	0	54584	352	0	0	0	129985	0	35036	145267	94793	85764	0	0	99681	0	84389	0	0	30147	28318	19315	106627	113423	0	0	81570	98456	1004	94273	10987	2743	33924	3839	74173	367	0
sp40	0	0	0	0	0	0	0	0	0	0	0	0	0	0	18862	0	650	0	0	0	0	0	0	227	19956	0	0	0	0	0	0	0	33963	0	6323	0	0	0	118159	34034	0	734	0	45902	0	0	15812	108016	162168	0	0	0	0	0	0	0	0	0	0	0	4	0	62364	0	0	0	170157	135295	217155	0	0	0	0	0	0	83644	0	0	0	0	170083	127562	0	33948	0	0	0	154394	0	0	0	0	0	74179	0	108302	0	0	21184	243157
sp41	138729	121590	74781	4	0	15777	0	3985	135438	7381	71223	85960	26224	45948	126940	0	31398	0	171652	155473	0	67563	102436	112594	12207	50496	32679	154207	5383	193152	145232	12015	0	137125	124104	0	1	173142	129258	28225	115131	0	14836	136024	0	121609	121197	111221	23569	67354	30538	8819	1489	97434	192	21229	7551	105651	75805	26017	91	0	6844	158362	42947	39700	60661	113106	75487	81556	161377	0	0	152619	73713	13111	77722	38807	103932	52791	102036	96511	187133	148293	0	0	169493	42398	2308	0	32808	65793	46739	114366	35059	80331	80858	66350	58097	73156
sp42	0	0	142520	0	0	916	72785	141956	0	0	0	0	23	26539	1	0	122160	77	53154	0	136828	0	0	0	148736	86724	163972	0	0	0	0	0	121226	1	8130	1109	161179	0	0	129529	0	88958	0	0	71793	0	0	0	0	0	2	0	0	0	0	0	54872	17	0	0	108700	0	0	0	0	174651	0	47514	0	0	0	4707	0	0	0	42503	0	0	0	7	0	0	149397	5626	4	131	0	0	0	1439	4	0	121735	3673	0	0	112749	0	102742	0
sp43	183885	41611	0	13	199566	136341	0	0	335	145197	103292	61274	38681	0	165652	60905	0	19	62877	146413	18232	62260	222	36248	100611	0	34420	8767	46146	3574	47716	154947	0	79950	59475	33421	14839	18786	124093	0	125262	135407	175732	152260	145109	183254	57052	147514	87339	86976	168039	154211	33	53310	17143	130846	5	193428	79702	0	1	118884	131287	189696	0	0	104656	14	91084	0	42941	37481	151754	114189	100082	0	6601	43535	160223	142646	150104	160132	0	95016	522	87877	138925	70451	158548	90157	64739	83228	0	66780	1	126133	26734	78896	101562	62798
sp44	0	0	131820	45235	0	4751	114653	141013	111070	0	0	0	24431	46100	191	0	58244	92124	97946	65349	0	0	44054	163158	0	143323	33366	165233	72129	179659	0	0	821	0	0	49398	27643	153738	0	409	4891	0	0	2	0	5	0	0	0	100097	0	0	125905	72790	84909	0	110143	0	0	185224	0	18193	0	22025	164464	125360	0	9704	0	195040	148661	206	0	78344	0	0	66414	0	1355	49483	0	0	105404	795	108593	1	0	0	0	0	110837	111762	82394	0	145020	0	0	7	0	0
sp45	137881	24377	168252	185	144108	140016	162078	10051	167039	122460	1228	191967	0	71677	32657	54140	180965	99980	0	34358	180441	54099	137000	0	12975	0	177952	189720	6417	192509	1556	182407	2396	193206	0	58326	32794	63444	27961	125590	0	11	31331	114797	99965	12488	69822	0	69667	19245	74337	176586	165566	11414	158521	0	94417	193313	64730	162817	151452	176240	122095	85374	123898	199467	11429	0	0	74781	181868	151826	182453	20481	190092	84167	127538	0	63138	38209	379	75	138447	44729	145367	155795	0	75616	17630	21499	0	52766	150640	67759	143356	3376	46130	25035	84818	0
sp46	0	129464	0	157428	0	0	0	0	0	0	0	0	0	38609	0	59629	0	0	12328	54455	0	56763	158	919	52869	128193	39	0	170024	0	157037	0	96310	0	0	0	50900	238	0	0	0	22910	0	0	0	122074	48395	0	0	39894	32971	0	0	118978	0	0	339	0	0	0	0	0	0	3	0	0	0	49619	0	25084	0	0	0	41881	0	9	0	0	0	25995	0	0	0	88053	0	0	0	0	63526	95869	108566	0	0	0	0	0	0	0	44141	3010
sp47	0	0	0	0	0	0	0	0	0	494	92260	0	85814	12	2060	100295	0	0	94630	0	0	0	0	120734	148435	102288	0	0	0	0	0	0	1	0	174186	0	0	0	0	0	0	37398	167633	0	0	14866	0	0	0	123644	0	0	0	0	0	37110	0	0	126623	0	0	0	0	260	0	0	0	0	32955	0	0	0	0	100686	0	0	0	141301	0	47870	0	0	0	0	0	0	131313	0	129774	0	0	147368	0	0	0	0	0	0	0	2150
sp48	0	0	148360	0	0	0	0	138228	0	1	0	0	0	0	0	0	143843	177157	0	0	198958	0	0	0	0	0	3301	0	0	0	0	0	0	0	0	182774	0	0	1	0	142495	0	0	0	0	0	17456	100686	0	0	0	2608	0	0	0	0	0	21092	0	0	142182	0	1	0	0	0	0	0	0	0	0	40624	0	0	0	1	94430	0	123350	0	189311	103888	172397	0	1931	19736	109871	135450	0	0	0	0	121117	6410	0	102574	0	0	0	0
sp49	0	131037	111065	1	197497	107448	0	31687	0	0	112119	79536	0	0	85421	1736	69805	55192	104486	7	28310	0	0	59408	0	39732	0	145361	0	0	15480	172274	185158	0	0	166280	1	0	61021	43743	142505	40874	0	151574	0	13992	70870	177882	60427	94594	0	0	50352	9	21152	17491	62384	183378	159867	129101	78342	0	117902	153845	0	94779	0	108347	57239	45648	53671	0	0	0	60199	197929	168590	0	7139	163679	142633	110258	33118	92551	0	0	2	34527	0	0	56809	206589	50942	142194	202212	195808	110005	8278	36545	166526
sp50	197519	13997	9217	152980	0	0	161678	0	170529	186654	0	143758	144610	123330	21074	172941	1176	0	0	70286	0	138738	146581	125183	99899	115791	158667	0	163129	180211	139082	0	21	191449	128544	0	83385	175371	743	67472	23575	6448	174581	15892	2288	152450	108643	126	695	54970	51879	148155	154009	186343	18403	177433	129710	30	0	18307	73972	181330	13407	40203	96766	294	140364	19289	2494	142222	363	74489	89181	126717	86429	0	11698	123242	607	0	0	0	56196	8130	99665	17358	141489	0	43882	130939	47698	1067	275	36536	0	0	426	47163	175706	0
sp51	0	0	0	0	0	0	0	0	0	0	0	0	0	0	0	0	0	0	0	0	0	0	0	0	0	0	0	0	0	0	0	0	0	0	0	0	0	0	0	0	0	0	0	0	0	0	0	0	0	0	0	0	0	0	0	0	0	0	0	0	0	0	0	0	0	0	0	0	0	0	0	0	0	0	0	0	0	0	0	0	0	0	0	0	0	0	0	0	0	0	0	0	0	0	0	0	0	0	0	0
sp52	66487	0	108187	138738	0	40833	98156	177931	19675	37636	0	70377	0	126271	380	0	235533	140759	0	168310	200249	66997	74203	0	0	0	72217	23151	0	58734	52083	4020	0	163415	0	62143	121919	129915	49838	0	178700	0	0	153262	71608	1596	201	109642	0	0	83049	122242	137973	226945	144	147663	0	0	0	4711	145505	94028	0	1960	96645	77194	123506	106207	0	46957	71325	82648	101867	0	151172	15770	149123	0	215837	0	78177	186266	187227	41741	188134	0	0	219955	0	87974	151368	0	56470	79348	167326	0	74510	167354	0	0
sp53	185244	191390	0	48286	175289	178683	101964	20208	191616	58986	176689	204127	108654	135894	172283	90547	63081	23	146570	220486	0	209225	35772	105804	142032	9584	50208	128162	99050	178103	146694	31140	116204	114062	156997	0	179277	157781	133052	157575	0	138116	116075	194246	205717	24299	1	94484	99695	154695	90548	76862	66663	154310	34571	60510	157846	1449	128234	12792	0	133994	80666	96944	209859	98923	134474	73337	68419	38843	194548	3	23635	82584	91390	151310	60180	157715	0	129027	0	512	0	87739	153569	103225	0	22822	81009	16958	104585	198888	0	107206	105076	0	203743	70355	103321	180957
sp54	191083	127239	127504	137713	175713	81378	149952	133955	215295	125774	159445	114067	150392	187756	17801	206249	198229	95885	20985	151292	2155	122481	189772	0	96342	192662	65640	83051	116753	205236	105557	163478	130988	167246	18832	156536	36571	167583	196834	87153	142415	49586	72829	173965	114323	169827	160448	173755	84085	125301	153993	103906	161731	127320	743	163809	62319	89634	159920	121496	147281	173803	167656	1365	190519	195684	88871	2848	58346	198500	178981	44479	202850	136807	207098	60476	152848	126553	23488	91919	162122	115535	75482	175498	211181	81821	146281	168941	173759	199008	208483	166056	150668	230286	152879	180472	138459	134574	179249	146956
sp55	1	0	26965	0	59989	49450	0	0	0	0	1	70238	0	0	84130	0	0	0	131856	0	10768	0	0	176637	10	0	109425	83806	80242	0	0	0	34287	0	1	28869	185	153	0	54474	0	30931	133238	0	0	63500	0	0	60903	0	22436	0	5	0	171736	0	85416	86337	0	0	3	0	78554	188433	122	0	58582	73142	99190	0	32468	13	0	83824	0	0	4346	0	13761	110989	0	4	0	0	0	0	56131	0	65968	0	0	0	0	0	0	3472	0	0	0	39596
sp56	0	0	0	0	0	0	0	0	0	0	0	0	0	0	0	0	0	0	0	0	0	0	0	0	0	0	0	0	0	0	0	0	0	0	0	0	0	0	0	0	0	0	0	0	0	0	0	0	0	0	0	0	0	0	0	0	0	0	0	0	0	0	0	0	0	0	0	0	0	0	0	0	0	0	0	0	0	0	0	0	0	0	0	0	0	0	0	0	0	0	0	0	0	0	0	0	0	0	0	0
sp57	160022	134327	0	35096	146416	14689	55377	1	73543	94313	181700	17531	97110	15511	166403	167643	0	31037	175486	0	0	51	68582	95382	191461	146050	112354	83430	3261	12786	1027	133527	127006	0	68430	5	0	51939	0	143160	185	54789	95450	109313	1613	132902	37588	0	140593	17806	139368	0	0	0	7942	0	188957	176810	113582	106335	22859	0	92585	50847	0	4390	0	74040	180091	15885	134007	34444	118954	134486	51528	9970	0	13028	0	131615	0	0	0	53810	0	186781	4784	3	117421	71850	0	92368	10695	59037	7561	102823	156142	93	66060	61181
sp58	0	0	0	0	0	0	0	0	0	0	0	0	0	0	0	0	0	0	0	0	0	0	0	0	0	0	0	0	0	0	0	0	0	0	0	0	0	0	0	0	0	0	0	0	0	0	0	0	0	0	0	0	0	0	0	0	0	0	0	0	0	0	0	0	0	0	0	0	0	0	0	0	0	0	0	0	0	0	0	0	0	0	0	0	0	0	0	0	0	0	0	0	0	0	0	0	0	0	0	0
sp59	189619	71988	128992	121293	94130	58406	169875	189763	110761	107051	26204	16490	114726	128416	66323	138881	19483	6167	152151	143176	135879	165188	152806	179845	37792	100423	114233	191158	9937	144625	137533	73630	85398	60141	27582	20425	96261	125809	159975	35414	43029	88246	104129	175681	163796	120898	5197	66843	101984	8263	191493	43228	88058	52813	124009	112074	89024	66035	198420	109256	27303	175822	121215	50252	125727	55777	130946	85935	147811	5967	153113	37970	150407	14938	57890	60867	21846	100059	75824	141138	84241	11154	161862	109731	108492	41365	12672	93046	186465	87576	182953	178986	83365	156267	43674	102078	3314	179861	44724	126832
sp60	162372	115374	120031	28469	46602	79509	125328	42460	26231	106098	95591	139782	116994	170317	66126	5241	49233	114830	72379	64815	27265	125464	109640	31609	17598	44801	177671	120356	175402	132160	14070	161749	186763	47091	105368	46247	187668	163871	34153	21668	41652	179601	18780	135363	51627	126666	139445	51971	183517	82425	78493	53296	147903	147064	90373	135191	61588	10519	118917	41678	178698	192374	51061	142695	77258	192830	110230	45957	150814	129592	8887	11725	118586	29215	98789	48346	140592	172061	151146	175345	124192	145888	163657	148350	158062	106634	10174	187209	81084	148296	11197	68594	98609	114416	95242	166200	4618	173464	79273	170241
sp61	0	0	0	0	0	0	0	0	0	43544	0	0	0	0	0	0	0	0	97063	0	0	0	0	0	0	0	0	0	0	0	0	0	0	0	0	0	0	0	0	0	9839	0	22811	0	0	0	0	0	0	0	0	0	0	0	0	24345	0	0	0	0	0	0	0	28	0	61802	0	64894	0	0	0	0	0	0	0	0	29008	0	0	0	0	0	0	0	1	0	0	26953	0	0	16713	0	0	0	0	0	14030	0	3	23829
sp62	155017	0	61524	47912	102486	0	0	70418	0	109627	0	0	0	0	2	10	0	43332	98517	27165	30022	64549	177	0	39341	0	80447	0	0	0	12466	0	49089	4569	148575	0	200	0	0	0	45139	51098	35792	106293	0	48292	42998	121670	29962	0	23	977	0	0	0	1	0	115080	100040	13868	36585	45405	7053	103738	33763	5	92888	116468	7243	0	185441	161062	0	0	0	27337	0	0	18585	0	37696	0	0	0	0	0	69473	0	4008	0	23851	146935	0	24444	163685	0	5863	0	64467	132009
sp63	0	124995	0	0	0	0	148271	0	156237	0	0	143760	111	0	0	0	69163	0	0	0	0	0	0	0	0	109020	0	197803	41417	0	0	0	0	0	0	82685	0	65390	170985	0	0	0	0	710	0	0	0	0	0	0	0	252	190632	0	156930	0	132713	0	0	0	0	0	163499	0	0	2	0	0	6989	150885	0	0	0	0	191958	0	0	0	0	0	0	6	0	0	0	0	0	0	0	116257	0	0	4	0	0	177023	0	180600	0	0
sp64	0	179384	0	73892	7159	179060	130196	107010	159215	72125	12537	81478	69406	182613	184990	118066	65764	56215	1	153863	178207	28055	30862	159826	154288	29406	6769	41869	141598	101407	117708	137293	82339	157531	61513	40663	101554	59217	17955	85072	141911	155416	179013	0	149034	73791	41460	0	142332	174907	50208	83305	97689	170346	125762	78158	174368	0	114220	48835	3	498	0	85	111817	54848	0	9	178319	159519	0	7819	87771	65929	11896	97201	198720	163562	193	177562	94662	138416	199583	150963	42241	88911	81510	173871	158120	137013	99224	6	104508	65611	0	66509	58526	144097	0	61661
sp65	53939	113503	65170	176527	90466	148456	102964	82538	66083	89924	46585	159445	123447	125248	113402	0	141751	96689	163492	14	0	117688	64585	130730	68	119749	50184	187456	73938	161633	158594	47731	121456	124582	27328	136573	170755	167267	67429	183158	160997	144520	106920	133978	529	4578	41695	105777	5	50566	165802	37407	129714	153806	186421	34937	106635	39	10227	62995	153786	123883	26718	94542	114483	118933	165537	40790	149188	141303	23065	19768	115373	7861	166260	45257	39052	0	110411	2375	40295	1	68207	86372	98781	176379	148939	75545	46675	174163	52025	63201	39190	8804	10908	176762	185859	36361	132286	44989
sp66	139309	100421	147097	13945	100468	0	33158	103847	59467	17239	118520	43939	4358	12549	1	167659	20138	118863	44370	137946	158083	74131	79144	39693	140941	42014	91905	4782	83252	30734	109880	126376	111069	128858	151836	4081	1372	101861	8519	64	114098	46653	111105	66059	197245	116362	180849	5713	134052	163080	120134	187461	162943	45296	0	31131	43038	126121	128564	326	164142	142222	118375	103226	124159	91918	97477	119339	77010	110644	162280	117714	13923	52974	64487	173047	72902	5427	131734	126807	51884	80829	103393	6548	32074	21148	59990	53848	53343	74	0	799	53063	36719	128244	82382	189	162744	404	23010
sp67	55294	231762	0	141515	128774	798	0	42272	9965	0	34993	27934	112929	19061	26	41519	99774	0	0	828	88835	143877	127196	138054	147587	0	109566	221186	0	33879	37893	18753	127375	109443	40353	90072	82938	476	64441	85658	51548	7043	16306	126311	0	50588	2925	97639	58922	1	39280	0	3671	6273	12998	0	89828	139667	133286	105993	47992	29	120022	124517	261	22015	47	0	71987	10284	149684	103730	33501	15188	33214	123962	0	117380	0	61146	0	93271	96683	18179	24664	73890	64128	22408	105586	0	0	1	0	74145	91551	54839	88683	0	72342	0
sp68	0	0	0	0	0	0	0	0	0	0	0	0	0	0	0	0	0	0	0	0	0	0	0	0	0	0	0	0	0	0	0	0	0	0	0	0	0	0	0	0	0	0	0	0	0	0	0	0	0	0	0	0	0	0	0	0	0	0	0	0	0	0	0	0	0	0	0	0	0	0	0	0	0	0	0	0	0	0	0	0	0	0	0	0	0	0	0	0	0	0	0	0	0	0	0	0	0	0	0	0
sp69	39064	0	135865	0	0	0	0	0	1	97023	0	0	0	0	0	132196	0	124270	0	65	0	0	0	0	0	124690	0	0	103864	0	0	0	0	0	0	0	0	0	0	0	0	0	124580	0	0	51273	167628	0	1547	0	0	69915	0	0	0	170179	0	0	0	0	0	66314	0	0	106096	15188	0	145827	34063	0	0	0	0	161625	0	0	148284	3	0	0	95346	99010	0	0	0	28	0	0	0	0	0	0	170390	0	0	0	0	0	0	71412
sp70	0	200129	0	136042	0	0	0	0	0	0	0	0	0	0	0	0	0	0	0	0	219239	159919	0	0	215112	0	0	309300	0	0	0	0	0	0	0	0	0	0	0	0	0	0	0	94375	0	0	0	0	0	0	0	0	0	0	0	0	66314	0	0	0	0	0	0	91333	0	0	0	0	0	0	0	0	0	268	0	0	0	84394	0	0	0	0	0	0	0	0	0	0	0	0	0	0	0	0	0	0	0	0	0	0
sp71	136142	36267	15866	82337	63924	29741	104082	91324	59775	13438	32904	85231	87347	11168	87153	64317	85566	38120	112355	91020	66723	154490	109267	80614	102116	39726	0	61584	126286	160033	104330	3	74245	0	140838	116704	110436	114680	56202	72747	45712	86193	183237	18331	93466	65832	127082	110821	53979	13468	94150	53312	22962	15466	23232	89760	17903	68611	91999	119974	147115	162970	35651	134888	92776	156671	28739	103894	34043	40183	38146	56376	46175	20658	96724	67076	23725	113973	102946	126980	88265	152246	55399	12834	36349	123339	30501	164325	52371	64876	37293	43944	135633	35287	111712	121844	117727	69137	100297	55275
sp72	0	0	0	0	0	0	32550	0	0	0	0	104382	0	0	0	0	0	0	0	0	0	0	0	76953	0	0	0	0	0	0	0	5	0	0	0	0	0	0	0	0	0	0	0	0	0	0	0	0	0	0	0	0	0	0	0	0	5908	0	0	0	0	0	0	0	0	0	2	0	0	0	0	0	0	0	0	0	0	0	0	0	0	0	0	0	0	0	0	0	0	0	0	0	0	0	0	0	0	0	0	0
sp73	86148	0	43358	0	4126	195530	76768	101997	47662	99886	42000	2467	0	5	183583	57553	40378	198316	132615	143262	0	0	17782	0	0	142225	0	0	197401	81196	113175	117642	4185	2517	0	0	72954	166841	0	0	3529	22234	88173	0	198216	82092	58460	0	0	194704	13138	40568	32401	147005	106997	143455	0	28150	17933	0	143405	187837	16017	1685	69178	125306	73315	61815	1	67519	0	112491	52283	0	139331	0	11840	36971	184905	0	199628	0	97366	99234	13632	0	347	72923	30809	141686	156057	136316	105840	0	0	25830	115967	162564	0	164737
sp74	197915	47	171453	0	87124	194412	87339	24685	54611	95438	5200	54678	181600	57433	100696	152020	119930	190469	194181	51291	2853	0	22158	4415	26975	156349	106958	2	93959	108213	57946	134117	101746	86666	181240	69711	85385	152514	195806	139850	41083	156433	39635	30574	41461	168259	78635	76300	100880	77031	134563	84273	192975	144725	177926	29719	10243	172975	33316	198183	191057	106724	106778	8734	156670	54008	85685	155709	113793	39563	192268	162035	157942	95617	158168	113411	110144	95426	95128	175760	194604	190906	53535	50558	118953	171784	68552	193779	130904	133664	55601	80145	15958	140889	142671	8444	54707	187621	141971	186911
sp75	101080	90343	218002	92487	283739	96397	136626	122894	301651	233788	321580	175248	269622	227601	247323	101506	67217	197987	178784	284069	0	22662	365418	235001	39	244336	152712	34	188732	230756	78518	103765	290071	189553	199088	93544	114936	190545	26582	108156	328964	177098	242311	120727	96211	98328	197554	198233	240313	205602	88496	241073	213348	303567	196403	303635	9401	169036	150551	206867	206728	157412	185784	8748	242112	64065	93939	373294	146225	282490	207544	246161	167511	47	202130	306294	336417	6827	126875	77597	117836	373833	261168	135804	34686	203850	184367	234891	213062	236717	248352	251492	225055	111015	29873	107280	189206	303053	185137	119960
sp76	1548	0	77553	0	186725	119910	1197	2079	246034	165866	254482	24458	87310	49885	175087	70118	45205	151212	0	148350	0	0	242734	97306	0	266208	104888	0	48136	30234	19613	77297	114708	124632	3596	93677	151136	84350	45403	122473	215358	33481	210850	0	172402	177515	118023	66213	234663	155731	56073	116842	174522	140568	92773	215112	4657	131073	50385	23242	157267	39	166943	0	138912	69249	0	274636	26524	295774	46075	156058	195953	74581	18480	322249	270917	10141	34616	132873	103738	239955	89911	153001	21427	3	41481	98057	273483	71924	177897	98013	44427	124196	174993	33974	52047	197979	95430	115881
sp77	0	0	0	38500	0	0	45554	128	0	0	0	0	0	0	0	0	0	0	75407	0	0	0	0	0	65642	0	0	0	0	0	0	0	0	0	51314	0	0	0	0	0	0	1	0	0	0	0	0	0	0	0	0	0	0	0	0	0	0	0	0	68109	0	65104	0	69012	0	0	2605	0	0	0	0	0	0	0	0	0	0	0	0	0	0	0	0	0	0	67173	0	0	0	0	0	0	0	0	0	0	0	0	0	0
sp78	0	0	0	0	0	0	0	0	0	0	0	0	0	0	0	0	0	0	0	0	0	0	0	19506	0	0	0	0	0	0	0	0	0	0	0	0	0	0	0	0	0	0	0	0	0	0	0	0	0	0	0	0	0	0	0	0	0	0	0	0	0	0	0	0	0	0	47972	0	0	0	0	0	0	0	0	0	0	0	0	0	0	0	0	0	0	0	0	0	0	0	0	0	0	0	0	0	0	0	0	0
sp79	57612	9069	133335	139524	195	31112	47345	3	86039	1	132842	124013	8082	36494	24063	109878	0	16097	71538	0	86780	144407	47340	18688	30474	9784	126472	85012	0	74249	119855	107443	180356	0	102092	39266	64642	91067	43321	50608	0	33386	99513	96549	72851	128804	0	2389	111152	157057	73233	1	25162	53234	0	165098	97832	66950	179474	43939	200	15467	5662	59418	168104	139796	7956	157292	47878	120421	44530	86559	36765	66567	148407	49980	184931	26	0	68265	0	55585	138236	132526	2293	34859	86611	42518	170037	134163	45979	21510	90748	40683	1	9796	44501	45839	134075	0
sp80	126977	161368	0	74979	223574	175011	149	53727	173321	177528	57613	0	238952	2	121800	107636	105122	36848	144210	253690	0	0	33508	0	150727	148100	0	129785	162082	22819	36759	11742	0	244437	11955	101399	0	154624	131074	0	231051	152292	116426	54855	79257	142503	80456	267606	13636	0	64307	74785	47176	132722	199730	0	0	79280	0	163902	195106	171777	230231	131011	0	95582	4	79045	43917	65937	193221	144861	53751	6183	230	0	38546	64152	164665	0	214615	191499	51289	0	177566	202690	70910	64700	75943	4	167596	81522	59881	1	203394	143925	94599	214124	0	204133
sp81	0	0	0	1104	15129	103133	5113	67208	0	142798	0	0	44095	54571	0	0	0	0	48	52685	0	0	0	0	0	131037	0	0	70344	0	0	0	0	0	0	0	1	28	3	0	80113	0	0	26275	0	0	0	12948	293	4	5660	0	0	42407	167832	0	46192	0	0	8426	0	0	39	0	23351	44018	0	0	0	0	0	0	39765	7134	0	0	114814	4342	0	0	52603	0	0	0	11274	0	9536	0	80654	0	176817	121972	0	122385	0	0	0	0	3	54434
sp82	0	162529	36250	214	13434	0	12256	0	117477	0	113870	87327	51444	2	0	158570	2656	147472	0	5653	41665	0	0	0	15772	0	38188	98361	49045	163803	190679	62620	85181	81804	6	126325	88692	97082	77950	0	0	54194	43409	18680	159033	129147	149493	144474	67887	0	0	6	197861	0	26625	128327	60824	0	5529	0	0	51446	32256	0	0	0	0	0	190201	122249	80161	7506	63686	0	56025	0	0	40597	12386	136714	40649	33895	0	28406	69652	0	58506	170324	87512	31745	0	41917	57484	79231	30590	134040	87224	20455	199107	60161
sp83	177839	0	154791	201	120111	110892	0	174620	0	180616	11842	0	158863	118079	103814	922	156051	0	27856	121062	153	178518	155143	77758	92325	3832	89843	1	37169	23642	0	18073	143	27506	3532	964	37316	401	0	98431	131974	2	75542	148	57	58753	0	0	147902	60202	61439	67359	0	150127	0	7107	45	145122	95893	1	124363	24608	7488	54908	84907	123043	177380	133335	0	0	0	7139	20950	152859	1	159332	65714	99510	33856	43721	47709	22408	141336	35605	1236	84864	65350	3130	29916	0	69004	95356	21851	59192	106731	74	41056	0	0	79062
sp84	0	0	0	3486	0	0	0	0	0	0	0	0	0	0	0	0	0	0	0	0	0	0	0	0	0	0	0	0	0	0	0	0	0	0	0	0	0	0	0	0	0	0	0	0	0	0	0	0	0	0	0	0	0	0	0	0	0	0	0	0	0	0	0	0	0	0	0	0	0	0	0	0	0	0	0	0	0	0	0	0	0	0	0	0	0	0	0	0	0	0	0	0	0	0	0	0	0	0	0	0
sp85	0	0	3	0	0	2214	0	0	120302	0	64560	100174	0	18	83684	241	11	0	0	48678	0	0	35256	0	0	16778	0	0	42493	0	0	0	0	0	0	30727	34706	0	0	14351	0	11353	0	20864	0	0	76943	0	23313	1	18727	20786	33776	0	2691	36188	95989	0	0	12859	46229	0	0	25076	0	0	0	0	114222	62148	72913	36653	26698	0	0	0	0	0	0	0	26463	87519	0	22784	0	58635	0	0	0	0	0	0	0	22119	0	8334	0	3077	0	35861
sp86	0	0	0	0	0	0	0	0	0	0	0	0	0	0	0	0	0	0	0	0	0	0	0	0	0	0	0	0	0	0	0	0	0	0	0	0	0	0	0	0	0	0	0	0	0	0	0	0	0	0	0	0	0	0	0	0	0	0	0	0	0	0	0	0	0	0	0	0	0	0	0	0	0	0	0	0	0	0	0	0	0	0	0	0	0	0	0	0	0	0	0	0	0	0	0	0	0	0	0	0
sp87	180235	157718	36498	147194	101103	52609	86981	118653	22687	125520	1029	64170	153520	185155	19339	92871	63523	1445	118331	30010	76000	141576	120785	110590	114304	172799	0	187775	39515	62508	165052	157782	110220	23653	99724	129968	37915	46204	37234	1418	89794	115627	163901	63323	44866	146527	0	7859	44644	116727	171853	35179	135984	161454	74538	65308	151162	0	162182	89317	48063	0	56799	38504	58388	148585	54477	146676	54171	18367	20183	68030	851	131576	45629	164030	122681	71070	25260	179380	74106	0	81389	72285	186805	0	176307	87184	85413	73605	82354	166543	174015	165592	174747	83196	0	114163	174414	143544
sp88	0	0	16930	0	0	121347	4	0	0	0	157912	169728	0	12	0	98789	122595	170411	0	23	0	0	0	58169	49485	0	103020	0	0	0	1725	37563	0	410	95391	0	79	22321	0	113770	0	0	0	100449	4962	1950	185874	182311	0	0	0	0	0	0	54385	113134	0	152550	11449	50073	0	181614	1538	66746	103520	0	0	12030	78307	22611	71659	45871	0	59525	0	50593	111074	55026	0	28142	0	133384	0	26907	0	152410	0	135717	0	0	119633	75383	69024	0	0	0	127978	48602	19	0
sp89	277	186868	72784	0	112309	31434	68534	161529	2783	113988	3	440	65490	122356	28905	22	2347	0	92565	96356	176144	145551	1911	0	119780	124770	0	99912	147399	125672	176530	0	27850	173331	0	171350	19030	116967	670	0	118002	103613	123083	0	33162	6	0	0	0	81438	61151	131506	0	41360	0	0	4	45648	0	0	66692	0	0	119173	127049	104372	163612	137172	0	119960	0	187414	0	3121	83749	93611	78279	0	90734	73089	144593	0	91148	146745	166360	51	91448	77098	197787	6	0	47538	0	342	131174	0	51121	1	0	191640
sp90	86667	0	0	163728	0	108988	56308	0	39518	0	158178	6892	92514	0	52484	95079	8272	179126	72368	0	0	16382	57932	151040	0	2666	67483	0	0	0	0	104106	60463	0	124944	0	57001	18679	144339	32513	0	13690	0	121271	80428	183279	192066	176064	98336	0	0	0	108526	37164	113798	142686	108624	107	113576	188465	0	171423	171230	0	0	0	0	0	49615	0	180441	149	24187	17083	0	55202	0	151848	106	0	0	87543	0	5994	0	100084	0	0	0	141263	117968	0	25	6	0	178422	67166	79514	175446	0
sp91	0	4016	0	204472	0	0	0	0	0	0	0	0	0	0	0	0	0	0	0	0	0	0	0	0	0	0	78037	0	0	0	0	0	0	0	0	0	0	0	0	0	196725	0	0	0	0	0	0	0	0	0	0	0	0	0	0	0	0	0	0	0	0	0	1338	0	47	0	0	0	0	0	0	0	0	0	0	0	0	0	64702	111601	54	0	0	0	0	0	121360	78118	0	0	0	0	0	0	0	0	0	0	0	154256
sp92	0	0	0	0	165035	4	106	75204	0	0	0	1625	129452	0	0	0	0	0	0	88213	0	0	0	0	0	90075	76450	48712	80689	0	1	68392	131584	102750	3	0	140155	128995	0	914	0	24354	187222	103518	591	0	0	0	56706	174355	133448	86	0	0	129147	0	2319	135815	169	0	131930	63227	0	39540	173096	40043	0	0	0	0	0	157416	107048	0	140019	153197	0	0	117322	0	243	0	151200	0	92668	55760	0	0	11	0	24097	185194	164884	123575	0	0	72849	0	0	0
sp93	146726	122031	187306	110892	0	105274	136271	14300	19757	141758	29338	172483	0	63883	60769	85833	77906	186187	137956	0	188481	115939	169772	110746	139237	0	0	0	0	196316	107635	0	0	0	158888	138098	0	6	121376	64118	123765	125501	0	0	116	175499	61302	118469	0	0	0	38736	10222	115258	0	187624	6805	50	82591	124159	0	0	165300	1327	0	46	138787	101557	122944	182934	145532	0	0	85478	0	0	118715	177570	0	51166	108310	173337	0	139371	23	24833	40208	56839	73288	145954	4643	616	0	0	165087	65120	0	90813	2188	134456
sp94	26940	72318	185921	0	65922	191163	78570	123843	157649	52722	95685	105921	109487	50443	2	5	101345	87510	33554	12285	100067	32670	194925	69978	58784	121519	4412	122493	96470	114149	20061	134919	157533	94408	62330	122244	112174	89049	146714	109206	0	180601	8544	192860	110767	105781	60550	163986	3855	129550	19921	171784	140345	138384	1764	126874	105300	5786	75378	24039	82488	1196	83186	61421	4290	177142	4151	63592	41	90259	122982	13146	140558	173555	177341	96611	78421	79754	0	60128	29511	66936	189596	39053	15082	74654	0	0	139217	101377	162939	92455	20613	87135	45279	1	91014	39993	175786	0
sp95	162200	0	6060	207763	227	0	0	0	882	164760	30540	101672	0	97370	156456	193454	142622	67808	0	59	28223	2172	10752	39084	117633	6869	204299	67361	146732	78881	37078	0	0	92888	44441	33400	0	132177	49483	0	127947	29035	175282	0	0	74595	160208	243	179481	73538	45262	7657	59092	73	169638	126286	0	120618	0	189601	106547	38158	245	133510	4282	0	127991	86195	0	841	124704	0	0	0	2449	0	0	0	192629	108008	4100	6793	7033	0	31	61508	72930	196427	64448	0	65117	123837	0	0	76281	180924	1	92422	36307	111826
sp96	75423	131314	0	0	148231	71143	23213	153759	4499	11399	0	100219	4	68253	51052	15	176880	0	76660	71127	5300	7395	1	0	17	74034	0	143387	125968	127131	157722	92987	0	61271	0	3937	2672	6585	0	28624	17221	33333	163872	0	17383	0	0	0	0	101093	15554	51936	69262	83889	1	0	5	95314	0	0	31874	0	0	154008	59451	42329	73	0	0	161953	0	29025	27961	4410	78073	0	0	42487	138288	72155	0	0	56642	2	181012	25	101560	0	115978	0	8	26700	114546	0	64463	0	108743	6053	0	0
sp97	0	165625	110467	0	137869	38665	176967	186836	98990	0	101959	0	48287	97099	26050	0	0	122	26377	175	0	46146	168713	45021	0	184728	0	0	11766	16257	84294	92821	164599	0	64755	101165	152894	49292	146582	142619	0	161059	34	0	125756	44701	0	81793	0	113666	0	122148	419	27574	0	61330	149929	0	19857	4224	0	144844	47553	0	134340	6454	0	941	193565	57845	0	49805	141482	73724	185670	29048	142883	152409	0	43598	79777	90708	119521	143083	17756	0	0	0	0	97202	24652	0	180871	73227	384	0	21072	0	133498	66
sp98	3589	93380	196662	0	115187	194255	170503	106462	150103	32596	169763	0	146924	129715	35436	8765	3686	42808	175430	60214	121391	22748	54452	135837	113518	56550	6	96964	23555	27885	181020	93424	177743	79003	110916	109123	180368	56503	91123	17447	1	126076	33298	135733	107651	77552	27834	106017	33571	117136	158303	36016	138471	9743	69101	25997	154794	155202	135879	2	17288	116257	70213	285	59329	131638	70029	59022	133027	67387	0	152785	190332	142808	118267	169441	96935	4182	89	1	10483	57853	43816	137165	11337	118722	0	3	20378	81440	100695	5619	107016	20684	124917	19053	178486	108404	133152	0
sp99	0	0	0	0	0	0	0	0	0	0	0	0	0	0	0	0	0	0	0	0	0	0	0	0	0	0	0	0	0	0	0	0	0	0	0	0	0	0	0	0	0	0	0	0	0	0	0	0	0	0	0	0	0	0	0	0	0	0	0	0	0	0	0	0	0	0	0	0	0	0	0	0	0	0	0	0	0	0	0	0	0	0	0	0	0	0	0	0	0	0	0	0	0	0	0	0	0	0	0	0
sp100	68644	193153	115103	130082	218826	133863	187197	53502	152769	0	101146	150445	155630	86782	155666	106661	234495	178667	25585	57738	254955	242954	285615	213132	172079	57003	168652	165012	38372	219230	68176	196925	211374	189615	81449	258744	247001	157297	91178	194202	67485	69799	103979	214301	37193	174466	59580	147199	208153	52479	40616	112294	178905	180009	22420	157202	83559	200461	247984	269563	103764	22641	125895	164384	112634	41412	74176	89094	206359	157260	109484	133417	43503	194667	160577	210420	1988	132340	129334	168928	92666	206416	133497	125938	170949	194491	122549	209789	82261	19551	2789	2299	139411	30574	255663	166348	211415	152413	100625	49
sp101	0	0	0	0	0	0	156523	0	0	129414	0	0	0	103152	0	0	36068	0	0	0	0	0	0	3378	0	0	0	0	0	0	0	0	0	0	0	0	0	0	0	96374	0	0	0	0	0	0	63737	0	0	0	1	0	0	62843	0	0	112675	0	105047	2445	0	0	92110	0	0	0	0	0	0	0	0	0	0	0	0	0	0	0	0	0	150563	0	0	0	0	0	0	0	0	184794	0	180340	0	12531	0	160576	0	0	0	0
sp102	17365	15121	103665	14365	62606	6194	0	8	0	0	134800	0	117017	0	78019	18102	2541	4	35665	11856	112199	38889	32962	0	48476	113212	46658	46039	93985	79028	0	89326	7492	93030	174105	67944	90529	37548	74995	0	0	0	40169	6	102716	133346	0	34365	74793	136563	73658	76895	29199	46163	94833	22479	0	525	27	50301	0	111037	0	46461	127013	143018	0	61772	42927	19841	139881	81828	91472	135975	88843	40901	82200	24748	0	72982	0	0	69919	22039	134251	3543	113306	9096	131791	0	47052	0	164085	97301	133017	0	141612	6	161110	101418
sp103	145238	158583	48370	0	0	19365	55808	165140	122664	102889	87737	141868	956	104916	88921	52582	137889	109053	181089	54638	40519	47209	58105	185347	17	36857	60867	116781	139241	98374	157640	0	76226	148729	0	49732	1087	104	72283	144856	112	117164	105647	72418	5494	49953	158695	114647	52323	131360	579	129002	91576	90413	162678	1694	0	152517	0	184032	133123	34856	590	99163	4	3	127476	13360	50133	168632	147542	130361	23018	96523	180	1	170484	131977	50840	0	85054	156169	30576	22278	161025	15954	620	107964	85070	85061	29928	0	33577	62269	38859	0	198	42359	82487	23722
sp104	124699	22840	102494	0	161775	172104	3	86061	144719	1	100844	64625	20326	0	128860	156040	30181	144550	31069	45644	144569	127795	96290	58477	71192	61157	99823	7628	95580	116093	39267	195516	182468	81152	176030	22724	29280	173168	98109	0	0	54136	112934	13925	187751	176281	0	57787	103963	4005	101538	86129	25577	18	143125	79814	0	31568	0	24799	40844	69689	0	127807	48720	139381	176464	44110	140824	49711	97295	117811	98680	130607	183637	189543	112104	13075	232	23001	1	164864	474	133513	12	108555	0	0	103137	0	56578	0	128877	24349	86000	0	7667	69723	166746	1
sp105	60589	199645	185356	126797	156818	116236	44444	101180	115295	187755	167026	35975	164673	98580	63174	34634	13978	135706	156585	83151	140696	16340	181717	60994	127741	122970	64930	32830	137923	85058	134883	52895	85139	93731	41673	148277	117264	170087	150675	72378	219777	67747	205753	153341	86012	181775	90060	110946	78055	105123	165379	117692	192718	53499	172333	86603	96694	193495	71754	168499	183759	90734	120320	191571	194812	127201	86122	136265	192161	211896	123926	28832	126732	97232	75387	198408	119986	188787	118672	153180	100862	186585	177529	158994	72461	197913	180828	143505	220481	70646	113806	42405	176552	89953	156390	93315	24856	172425	25365	142089
sp106	0	0	0	0	0	0	0	0	0	0	0	0	0	0	0	0	0	0	0	0	104096	0	0	0	0	0	757	0	0	0	0	0	0	0	0	0	0	0	0	0	3714	0	0	93369	0	0	0	181195	0	0	0	0	50991	0	0	0	0	0	5	0	0	0	0	0	0	0	0	0	0	0	0	0	0	0	0	0	0	108185	49750	0	63109	0	142262	0	0	0	1195	0	0	7	0	0	0	0	0	0	0	0	0	0
sp107	49947	127316	91008	75846	0	94004	286	77683	189308	0	8731	114853	176792	0	2	11304	80570	121837	167006	52334	171909	198013	62459	0	0	37953	0	0	109881	0	196842	108168	189593	80640	88246	140485	78339	188954	66982	70815	0	124218	12	176878	115148	82440	0	0	55684	61	44706	0	13081	169088	103619	120581	1815	6819	0	20882	0	121781	1056	156622	0	139214	185738	0	28699	20	62019	134662	50907	69268	185237	45286	165952	135640	136042	0	0	0	122896	2	182826	126982	0	0	70157	3521	54934	0	132	0	126730	0	0	0	117678	0
sp108	0	0	3	0	8	0	29	0	0	39496	0	0	0	25757	0	0	0	0	0	0	0	0	0	0	0	0	0	150001	0	82413	0	0	0	0	0	0	0	0	0	0	0	0	1	0	0	0	119105	278	0	0	0	0	0	0	0	0	3	0	108479	0	0	0	0	0	100750	0	0	0	0	0	0	0	0	0	0	0	0	0	0	0	0	0	0	95850	0	0	6	2394	0	0	0	0	0	0	0	181295	108343	0	0	0
sp109	0	0	0	0	0	0	0	0	0	0	0	0	0	2	0	0	0	0	0	0	0	0	0	1	120172	0	0	0	0	0	0	0	0	0	0	0	0	0	0	0	0	0	0	0	0	0	0	0	0	0	11	0	0	0	29514	0	46981	0	0	0	125959	0	0	0	0	0	0	0	129812	0	0	0	0	0	0	0	0	0	0	0	82230	0	0	13448	0	0	0	0	0	0	0	0	0	0	0	0	0	0	0	0
sp110	109212	58359	64313	1	196943	72585	54637	4297	172251	8952	106426	132278	125064	131550	103817	79755	191084	154819	109894	552	71037	70137	1409	11373	0	83316	0	13935	3507	34627	155420	134126	124676	76184	175472	44702	50830	149425	175766	46604	0	113095	71099	19939	85656	143378	84002	1	8052	109394	89115	63493	82178	83297	27911	148136	58377	65350	2395	130896	310	24086	191846	62078	91739	145103	27015	169307	0	177014	148946	64547	95117	148776	83083	143060	56070	19	12	65174	4681	73000	0	34599	1283	57808	0	4291	174816	86701	171485	189750	157904	87924	55540	64491	114191	114268	119424	25633
sp111	14780	82108	79288	30011	115274	75940	11245	199050	97151	50718	91632	52280	199969	50446	183478	29265	179548	137862	187600	110537	0	4294	118263	10863	77843	22040	9	125840	153410	100284	3315	160995	19719	22913	83216	192426	170814	186792	162383	155403	0	188908	179372	0	105507	124034	163935	0	45591	134977	171707	154979	0	20533	48711	81290	71278	103697	96568	175646	156689	150051	13404	90865	70884	154318	125804	71746	24757	198208	140894	4423	198686	74765	192537	170342	25274	0	61180	153912	0	52921	1	56396	154487	44879	3829	5	54656	69258	56520	176604	76440	85413	127418	61659	103793	120857	61473	82831
sp112	0	0	64323	0	0	121368	0	0	2809	0	1	46	87848	0	83450	84880	18385	146419	24796	0	0	70182	97369	16866	0	0	0	0	118855	0	0	45648	826	0	0	0	129307	60629	36341	122873	0	56	0	0	164948	0	0	0	0	0	0	123240	42861	16329	0	31162	88806	0	33711	45459	0	0	0	8874	0	0	0	0	0	141314	30711	147757	101807	176108	0	0	129985	0	95857	66206	6	0	0	0	0	38291	0	2	33790	0	96356	118656	13096	0	54810	0	0	92958	0	0
sp113	0	14570	106	0	109368	0	55079	70461	464	0	126134	53155	58782	86828	45	2756	63969	51507	73777	29229	87643	71193	68112	55604	0	0	9901	0	7419	23041	14944	102921	14875	8207	28553	56050	82331	25381	3408	107038	47748	125599	85839	16633	28771	82010	20203	61192	33818	42317	43620	58939	41217	111	0	1	0	70494	10345	81277	13962	21800	70210	37158	112458	77485	9950	0	0	44399	38020	69784	17266	95657	114779	60624	88375	86851	85041	40218	0	46268	18119	54563	31965	162755	52156	49275	3	87759	81780	69250	68684	54544	0	62596	23721	0	59376	23805
sp114	106794	140218	5514	196482	29085	229	68064	110565	119100	32615	82697	190652	85306	11033	50414	0	153954	32168	131673	199466	140520	58056	0	81171	0	27731	49462	0	0	111059	151562	28666	70817	34521	15526	153183	11619	65108	6844	0	141628	159424	102938	69463	0	48379	133658	115210	113891	131930	60173	33618	98167	37045	74916	85364	27909	91627	132622	103409	3208	168270	27014	1596	1827	43566	145451	85579	0	55128	87264	0	36308	0	85855	26073	14465	96836	1972	6423	0	125026	76991	1018	138613	119671	72942	64619	83544	4865	17619	27124	184756	114203	0	23834	92701	70064	65371	140093
sp115	0	0	0	0	0	0	0	0	0	0	0	0	0	0	0	0	0	0	0	0	0	0	0	0	0	0	0	0	0	0	0	0	0	0	0	0	0	0	0	0	0	0	0	0	0	0	0	0	0	0	0	0	0	0	0	0	0	0	0	0	0	0	0	0	0	0	0	0	0	0	0	0	0	0	0	0	0	0	0	0	0	0	0	0	0	0	0	0	0	0	0	0	0	0	0	0	0	0	0	0
sp116	47573	171665	79643	95362	83478	111518	28658	26191	195109	136481	16635	3281	20149	70883	95422	77653	2892	2274	107373	97430	124625	82658	38102	146505	0	199690	196344	144426	95419	199003	131449	60208	10216	18194	39878	177793	109879	87192	118116	38468	100640	1520	106851	123780	29039	29125	123444	199338	97434	2567	15531	6599	120556	32008	13494	40461	0	97176	165778	83385	0	0	88563	181753	11879	160280	112778	131912	0	65530	169728	5249	0	0	180263	21685	50043	181006	128169	105040	0	154392	30749	90688	98531	19543	23523	133156	39346	6454	107854	0	128944	60484	171	167834	20622	0	48769	153085
sp117	0	0	0	0	0	0	0	0	0	0	0	0	0	0	0	0	0	38357	0	0	0	0	0	0	0	0	0	0	0	0	0	0	0	0	0	0	0	0	0	0	0	0	0	0	0	0	0	0	0	0	0	0	0	0	0	0	0	0	0	0	0	131466	0	0	0	0	0	0	0	0	0	60443	0	0	0	0	0	0	0	0	0	0	0	0	35631	0	0	0	0	0	0	0	0	0	0	0	0	0	0	0
sp118	0	0	0	0	0	0	0	0	0	0	0	0	0	0	0	0	0	0	0	0	0	0	0	0	0	0	0	0	0	0	0	0	0	0	0	0	0	0	0	0	0	0	0	0	0	0	0	0	0	0	0	0	0	0	0	0	0	0	0	0	0	0	0	0	0	0	0	0	0	0	0	0	0	0	0	0	0	0	0	0	0	0	0	0	0	0	0	0	0	0	0	0	0	0	0	0	0	0	0	0
sp119	77601	0	0	129858	93100	1800	153119	0	26741	0	70404	90323	13814	46383	0	0	3	388	0	70377	71	0	0	10101	4984	0	0	0	0	12431	143623	106254	30288	6440	0	0	0	0	58202	0	0	0	0	166721	0	19055	89213	0	630	67047	68634	98784	111957	0	63000	0	0	67389	163352	39413	7407	0	88410	106125	0	0	66506	0	22	1	71870	0	0	0	70014	99571	0	97	0	0	87898	388	0	32018	40988	32081	2	0	0	0	0	0	0	0	0	51872	0	87617	0	0
sp120	899	193835	190350	29469	58080	88332	3062	96574	6196	199301	6846	5435	161486	48561	159168	91642	110890	73656	148169	157263	129364	121440	195038	178227	64227	103499	194641	170967	83177	159233	10558	28623	41932	132423	172573	198396	177481	207616	67103	63578	144503	45058	35906	38373	152357	129858	141703	49076	47000	75999	130499	60454	15784	103479	51444	146123	183350	42371	15309	151598	169627	0	19613	92193	124815	133009	193015	161803	123923	176722	132987	114750	172399	121279	46834	96306	183377	50574	48476	224188	52593	92362	192862	139303	15697	183822	45221	175974	127166	198051	63478	125608	99059	165494	23976	194093	71911	43120	154666	185154
sp121	0	0	0	0	0	0	0	0	0	0	0	0	0	0	0	0	0	0	0	0	0	0	0	0	0	0	0	0	0	0	0	0	0	0	0	0	0	0	0	0	0	0	0	0	0	0	0	0	0	0	0	0	0	0	0	0	0	0	0	0	0	0	0	0	0	0	0	0	0	0	0	0	0	0	0	0	0	0	0	0	0	0	0	0	0	0	0	0	0	0	0	0	0	0	0	0	0	0	0	0
sp122	200	160107	0	144497	0	0	0	0	0	1	0	189358	0	104803	18	103126	0	0	0	0	174504	0	0	5	0	0	0	0	0	1	0	0	0	188647	0	0	120	0	0	0	0	158047	117589	0	0	0	0	0	0	0	0	0	0	0	52773	0	0	85574	0	0	161270	0	0	0	0	0	96730	0	0	0	0	0	0	0	140165	180801	0	0	0	0	0	0	0	0	0	0	165673	0	0	159307	0	0	0	0	0	177315	0	0	165743	114091
sp123	0	315200	0	0	0	23	0	0	0	0	0	353535	159660	218087	123721	327225	0	0	0	251012	201204	0	0	0	0	0	0	0	0	113983	0	0	0	167014	0	5	166281	0	0	0	0	236487	231979	176437	0	4	0	3	0	0	0	0	0	0	345939	0	204978	249899	0	0	315638	0	0	0	0	0	282575	10821	0	163979	0	0	232836	208539	214483	265316	0	0	0	0	0	0	227800	0	0	0	320190	0	0	180441	0	0	0	0	0	180518	96512	14	303699	320520
sp124	54095	0	85452	19424	95643	35398	116684	172084	120355	140507	134253	0	134789	0	35801	0	196462	3	160977	0	170	172705	147233	177076	88752	164927	185588	76817	90821	135108	170	25208	60114	0	34561	137853	225	148822	0	73722	119452	0	156	0	103334	145022	186160	59222	148106	0	91754	55694	153516	186627	0	188031	29263	0	115980	2783	0	137721	111887	97070	5035	13171	0	2015	23525	2498	181082	45260	27213	154	0	0	86790	46665	17183	27342	117830	37463	0	107170	88306	101008	0	94625	619	0	10378	188098	176207	126552	54044	0	103974	145530	0	0
sp125	57939	1	145859	0	116139	29	87981	136317	184832	0	35244	0	167577	554	167197	0	188030	17669	95331	77589	24	176311	35365	137037	189566	182239	197939	0	91693	4540	1773	154644	53242	0	6453	156702	2058	125941	53912	165471	26906	0	0	5267	77004	10840	124586	0	194036	88088	36134	172090	143066	66372	0	25327	72052	46495	106348	3295	0	1959	161154	195441	76986	33408	46234	120271	199098	108259	62506	120510	131460	64459	0	0	71349	182617	20468	39746	55150	188036	11539	82358	115166	7561	1	128006	66353	0	184231	72008	137594	138196	183234	3359	160803	0	0	60705
sp126	48927	0	129452	28293	21092	181541	8018	112189	157723	91248	196449	0	0	0	1	0	1965	119366	59008	0	0	76878	110253	18662	23797	104992	71872	173269	57773	66400	173847	100447	49701	0	178983	112489	15923	161517	182761	126286	85907	0	0	0	86194	121175	188142	136024	147720	87361	7949	195503	160970	95484	0	36429	229	0	160355	162079	0	91418	82630	140217	101052	99522	0	10058	98044	0	117184	89809	0	9922	0	0	14386	142326	69354	188233	75017	32977	0	90808	141676	178083	0	193731	11712	0	167175	66413	123847	67321	165816	0	0	137229	0	0
sp127	26515	0	0	0	0	2	5591	0	127956	82475	6208	0	88982	0	18	0	32620	107782	40961	0	0	0	126408	77498	13804	0	73054	80550	46613	69678	0	61212	36	0	88033	0	34527	0	74749	169939	150332	0	0	158064	103719	166080	154737	183306	1239	112761	20925	0	158690	97397	32	182876	79203	38008	67423	30476	0	63683	37083	0	2	63868	0	138	114823	0	153023	0	140833	143689	0	0	39347	54590	0	86655	0	200727	93355	0	0	118221	0	73323	0	281	175210	136533	194814	131096	0	0	17493	11837	0	0
sp128	133126	23680	196443	184334	140119	121924	163007	63135	167246	54603	110726	89313	18426	28038	114874	0	157590	126423	46364	30739	130105	82982	10737	130061	48770	128439	40250	189783	100455	133690	144338	148815	130326	7	36541	121653	1	148265	148721	83119	100350	5	87968	121794	74303	28301	115078	62843	107490	178690	140237	141879	117927	78826	92791	25695	464	25740	178771	24617	79022	127349	100670	141677	175126	37684	0	97660	153426	154199	97242	173392	5729	86795	140157	627	80920	35598	166782	122036	26515	79438	10074	188561	6513	30455	31013	192278	129275	14783	87972	54797	61224	23663	162543	150128	1	49174	92300	5653
sp129	123120	0	155233	0	197781	24790	91456	57621	72177	52913	25075	0	0	0	0	0	130086	188947	150627	0	0	137643	183259	15515	174187	194181	160651	117816	168288	0	190265	118280	170735	0	12855	80238	1705	165597	170650	127858	173295	0	0	0	107748	98842	152992	145279	197592	35698	171127	10981	157628	48425	0	174592	764	0	57307	175148	0	133018	166428	61402	130904	139002	0	165798	167099	0	181976	170010	0	0	0	0	97058	83807	192558	75950	95673	161332	20	197029	103026	126043	0	65437	141199	0	64620	23218	8741	130912	177079	0	0	120738	0	0
sp130	0	0	0	0	0	0	0	0	0	0	0	0	0	0	0	0	0	0	0	0	0	0	0	0	0	0	0	0	0	0	0	0	0	0	0	0	0	0	0	0	0	0	0	0	0	0	0	0	0	0	0	0	0	0	0	0	0	0	0	0	0	0	0	0	0	0	0	0	0	0	0	0	0	0	0	0	0	0	0	0	0	0	0	0	0	0	0	0	0	0	0	0	0	0	0	0	0	0	0	0
sp131	122024	259529	90683	17776	109577	76251	0	21222	65514	140918	135086	332389	224346	210199	150349	355487	102181	36903	87	152964	179946	135665	11019	160684	140402	380	138512	117371	34	127754	8073	80677	123630	79286	98774	52835	178882	118542	174944	16278	48148	263464	167896	226996	152616	72747	71078	32856	101466	0	44185	49443	35204	126548	326880	96500	182190	182835	45468	31052	267346	111435	145625	143695	2787	8813	321329	73606	31499	102499	114828	128696	200004	274732	194532	291569	4	129443	112034	151446	132742	115408	184115	132011	143839	20076	331752	131901	64141	160487	34765	48728	97967	49246	25521	235045	106571	72365	235885	327645
sp132	111894	222387	178961	171144	135983	216756	146038	70824	41227	227942	231465	196780	269720	166272	24847	295684	193734	189401	143694	99277	56511	229207	146	197205	111410	112231	148235	41366	99907	211241	170042	53800	171159	234778	192749	3128	152798	175003	94676	41507	87702	196221	161913	153896	149577	77827	44746	153323	76546	147845	201325	67886	352	18888	163893	78276	57275	97322	161611	49613	185989	147086	139445	173277	140728	112701	261376	200247	172598	213393	23022	232229	219427	244308	110644	212685	162195	248863	213007	196959	154286	198726	213952	100762	229199	197729	288143	108368	66484	200889	112576	157299	101973	195769	51365	295517	231820	185343	301662	162851
sp133	152397	111134	14157	171839	90174	125450	159055	66971	157901	39277	183041	178861	195778	43708	144617	61434	143663	97631	62798	161924	106695	148173	197615	182070	42822	122992	92986	103833	73080	118279	170024	54043	43209	31239	37540	91515	92452	79673	130314	165896	138570	198875	43626	3752	66919	14862	147605	186074	140405	52004	150878	69998	43328	151296	134237	65334	148762	164326	58850	47544	109790	16808	16469	98243	10732	32771	124052	152532	131831	49159	189054	85971	178470	21908	185625	5417	113830	26021	168969	126857	117975	148122	178471	69615	58780	5648	130549	93602	150302	110760	156608	84929	52506	94959	110989	197890	11763	73713	96856	66229
sp134	0	0	0	0	0	0	28311	0	101754	0	0	0	0	0	132128	0	0	0	0	53479	77185	0	177323	0	0	60731	0	146873	244	0	0	44	0	0	0	185533	42	0	24	0	58667	118	0	0	0	13971	0	0	117226	0	0	89205	144389	105464	0	0	84354	0	17	0	0	0	0	0	0	919	0	0	0	0	107665	0	0	0	0	0	0	0	0	0	19996	0	0	0	0	0	0	0	30945	0	0	0	176	0	22283	0	0	0	0	0
sp135	90516	80375	7158	4	45038	157698	91711	78703	82959	53554	46799	53173	38598	451	0	60847	299	14085	105176	3309	91117	117532	29	1	20964	60466	94900	60050	45039	5503	33062	0	33	19543	6325	53281	63191	297	56821	29117	178796	29210	142086	475	80586	180751	167457	17814	0	160653	5288	17	52891	0	121113	101902	0	99301	192178	8999	92093	128610	132075	70152	171764	135875	143288	168789	96659	191414	0	47305	109378	0	153493	171214	3608	79051	176764	190194	97107	141419	34	190372	68103	180096	65092	15479	6238	66876	50758	152086	15	165759	20	68	75724	55977	132246	59921
sp136	51891	232	146001	73943	35785	0	95519	28291	57952	0	70314	16426	0	92373	171138	180894	133344	68189	0	99831	29499	0	129655	159265	0	119204	129403	100057	0	0	55945	134352	85088	64416	153273	0	150242	86851	32846	183977	0	123599	16862	182740	0	2840	6255	182722	166335	24564	114787	79360	67957	37237	166403	58051	64571	51074	3496	127056	53418	96028	36527	12088	41	19985	19814	0	82006	0	151937	0	10	166549	146	3473	0	92851	0	0	22968	33936	0	1	0	43657	86095	0	0	108135	171810	133184	140982	34736	37211	86709	142449	57541	5398	32725
sp137	0	0	0	0	0	0	0	0	0	0	0	0	0	0	0	0	0	0	0	0	0	0	0	0	0	0	0	0	0	0	0	0	0	0	0	0	0	0	0	0	0	0	0	0	0	0	0	0	0	0	0	0	0	0	0	0	0	0	0	0	0	0	0	0	0	0	0	0	0	0	0	0	0	0	0	0	0	0	0	0	0	0	0	0	0	0	0	0	0	0	0	0	0	0	0	0	0	0	0	0
sp138	0	0	0	51657	0	0	0	0	134	0	0	0	0	0	79829	0	0	0	0	0	0	0	0	162087	0	66409	2	0	0	0	74028	179263	0	134801	0	0	0	0	0	11570	0	0	0	178281	0	0	0	22	146235	0	0	123839	0	46722	0	1743	120313	0	0	0	86171	0	0	0	0	0	0	0	0	0	0	0	0	0	0	0	0	1	0	31	0	0	126123	0	0	0	0	0	113343	0	0	0	101206	0	0	0	0	92258	0	0
sp139	20746	0	144038	92887	71603	477	0	62794	0	127009	94371	5842	33829	86804	73556	191956	27050	149216	63486	41668	110954	156559	61722	0	35345	16	139355	0	0	41189	103746	9172	80996	0	114000	0	116505	0	0	56379	92146	142186	1529	0	77520	118508	24239	79858	420	176748	8	2479	0	61395	0	12808	0	144379	186755	187346	66604	21624	0	116620	69958	99621	18825	0	1920	12	18064	170791	4799	38647	0	134456	0	168320	186476	77187	111787	157337	99304	134825	26348	52533	65794	182692	0	57783	0	141800	138248	2527	18100	0	113098	0	189312	135024
sp140	137451	2150	9148	295	88362	196983	28576	17243	19715	10749	72415	123979	168239	129621	89501	0	119200	72198	296	135419	7084	0	42501	0	153417	6848	14011	95489	189127	123318	0	0	163570	436	111073	152524	100343	111170	191585	65218	40	20928	93152	554	57211	57962	136623	125360	0	76794	97228	49322	58749	114668	102732	23277	54219	9	41588	16922	10	76219	98174	69576	240	131870	70957	196889	196955	171304	168369	243	191954	179066	7455	103332	174339	129627	1940	0	43544	0	0	13157	153430	136855	0	0	0	100745	119922	99158	0	51365	59903	134068	104083	0	299	113974
sp141	0	0	0	0	0	0	0	0	0	0	0	0	0	0	0	0	0	0	0	0	0	0	0	0	0	0	0	0	0	0	0	0	0	0	0	0	0	0	0	0	0	0	0	0	0	0	0	0	0	0	0	0	0	0	0	0	0	0	0	0	0	0	0	0	0	0	0	0	0	0	0	0	0	0	0	0	0	0	0	0	0	0	0	0	0	0	0	0	0	0	0	0	0	0	0	0	0	0	0	0
sp142	192816	167303	20446	80122	48001	92026	194150	4363	15398	149786	123207	69310	165999	150528	788	62639	4208	168095	129695	107075	58703	63841	130394	18077	92126	91506	166832	143254	164904	160168	80672	35264	64111	145	18901	31762	139772	93748	153543	123802	107145	164659	45851	22320	37694	102992	100943	119524	57872	40429	197026	21338	164208	84183	149840	62410	1296	198199	33027	109925	1320	106314	195801	16707	155273	21999	142589	183007	30334	81449	119486	95128	42657	39510	88212	4729	44117	53376	6159	21717	2099	181806	98963	92225	174869	198532	188592	130970	48	156572	195815	135249	74964	178470	137157	70013	66502	33865	115049	112001
sp143	0	68382	52150	0	0	119031	0	0	0	42204	0	0	63584	0	0	0	72116	0	0	0	126959	0	52	0	57632	124768	3	0	144052	0	0	0	0	0	81239	0	0	0	11474	0	0	0	0	0	0	535	145870	0	0	75888	61655	124982	27991	76128	0	0	37854	116151	78199	0	2814	0	4443	34224	119508	0	0	0	45581	103919	896	108983	0	49579	53540	22336	1	0	0	0	1171	44200	0	66881	0	41501	1	0	41358	64849	87924	0	0	0	42991	0	0	0	0	0
sp144	0	0	0	84960	23	62378	0	16477	0	165594	100333	108336	5	107941	730	156832	2	174676	5349	0	9231	0	53757	0	0	0	0	181939	0	0	66500	0	0	140157	1	10530	102539	121384	143005	0	159427	73737	178411	0	39928	206	2	91827	0	140113	49	0	0	0	173764	0	0	0	19	175650	0	0	0	1	59745	139924	168	0	0	30239	0	0	0	0	81754	104451	0	0	137093	103456	0	0	66962	141855	0	114192	0	86568	41646	39537	0	0	32021	1	0	60912	0	152630	58020	55116
sp145	45012	57995	77341	97583	43869	13	35738	63889	195456	37346	44580	98235	129763	149683	162775	156277	79844	117467	124364	64756	43817	167571	17329	179871	157479	15892	152384	22480	34512	123881	147864	195148	135436	147512	38690	22815	155683	117001	17673	133542	4521	81716	22063	155750	142159	98467	39	194526	159105	888	150272	33717	168702	31215	185138	188560	190846	25232	33936	94538	170734	41544	127616	173097	1480	22106	133202	163371	153899	82611	37898	131612	178440	41170	19575	102428	66166	87124	123147	146441	63004	603	143747	37126	32708	88644	56873	194570	151087	51853	38301	88056	180879	79822	180520	116724	61785	11188	163075	127362
sp146	106261	0	0	0	0	0	11	0	0	0	73267	50187	0	0	27323	0	0	132985	196599	127289	0	163636	0	0	67	0	13	60336	0	0	0	331	127226	0	0	116372	53337	122664	0	64744	40640	0	124289	38791	70869	0	0	0	0	0	0	0	436	2	0	173938	49193	0	0	14933	80680	26032	32391	0	0	23342	0	0	0	0	0	0	143426	0	0	0	29244	0	112206	131585	0	0	0	0	88155	0	6	90986	0	0	30540	154530	115966	0	0	100533	167497	0	74759	0
sp147	0	190682	90274	172964	103992	68639	114359	126288	40509	131924	92979	0	140428	123088	164178	169634	108373	13332	0	0	86362	0	8139	156610	81013	120999	171599	145802	4259	169316	169072	150145	114613	98727	127953	101397	47121	90082	43952	0	155546	152882	5058	12524	127986	109855	150080	40769	63236	169764	117095	180586	193727	68534	96561	0	3225	177267	137779	162750	21219	66212	78328	77677	90381	396	182817	132963	187027	190347	137966	167428	0	118413	179433	19302	45341	75208	11447	6540	23166	158977	158445	136700	114871	150353	160257	85712	65208	198004	993	0	0	170283	47064	2670	257	78218	59196	63539
sp148	1852	42043	138912	8452	134515	135355	0	66280	121551	123760	23843	71796	124680	15300	139402	109937	64932	65162	119490	17062	37294	83148	70552	7454	280	11593	115743	0	15340	148407	171414	1	112079	0	0	150833	73383	0	48534	0	4531	0	82042	16578	144760	42	0	126524	164264	68192	170845	143428	3049	37584	62780	100329	97245	73916	134583	134063	171033	44549	57447	87923	30590	63488	248	38073	61418	104879	926	148893	68054	186403	40211	173	123061	84988	32001	115212	0	104899	13933	110733	0	77385	55170	0	30182	282	3531	101897	72712	0	133885	3249	55016	52831	54	117410
sp149	3499	48657	148678	55689	180470	38849	22262	122554	170825	135224	91452	87821	130694	0	2473	33854	83227	19354	69563	166750	74520	47514	191611	146848	83888	101250	109163	186829	4580	103702	196432	67897	171046	106676	151483	69362	40867	102385	68932	120734	6626	128726	46021	78343	77933	68207	97882	159242	152243	117059	189406	77231	48690	152317	84929	150091	0	55857	132521	163722	102655	89245	78861	197814	44297	42933	105826	130905	16659	126423	145825	5232	152735	170758	120743	88908	28955	51378	51863	23307	37961	126689	8526	96082	64533	73613	143652	138345	28082	106198	39224	11	104791	144227	48792	65281	23252	35182	198503	184379
sp150	5470	85349	58	65070	91150	1316	187749	120457	84756	38474	73965	182738	116010	162934	153703	52571	192021	176946	43059	60077	63434	100873	100296	174965	122477	37445	145815	161677	143977	27951	59821	83146	72039	158461	150339	96352	116397	187968	127684	75144	192728	127588	73026	5026	148221	187427	193403	146308	92612	42773	81261	23644	196180	60802	148406	21702	81456	70993	107153	140600	43755	40421	24576	181295	116919	185511	72127	73934	11342	55930	124838	111412	114321	10	97107	95453	142514	92852	88193	142731	83860	133373	78592	153654	123423	7556	94589	111790	154560	29169	36668	12058	26055	155018	141208	157038	66368	49433	90778	17726
sp151	2889	0	0	122027	4820	0	0	65794	157415	532	0	0	0	0	0	0	0	122170	0	0	0	0	0	0	16	19936	179561	0	0	0	0	0	0	0	0	34195	0	31016	192828	1602	0	0	0	0	167485	1558	6766	0	147001	128622	112430	0	433	0	0	183660	0	0	199772	0	0	1303	14034	0	0	18246	0	0	38908	0	3386	23	0	0	0	0	0	1596	0	0	0	1261	0	0	162779	1	0	0	19284	0	0	452	143402	4340	990	0	0	0	0	0
sp152	110588	18059	56639	0	94264	133725	111138	134437	389	21288	147435	186969	143724	127984	33633	2049	89127	0	173452	64694	130290	185073	96644	32752	45853	173814	0	147965	178240	141661	151804	109455	177592	11690	152903	153700	59487	62969	0	110767	131806	187528	2298	128073	5178	128999	69622	8761	0	37261	17432	124658	172638	162445	80493	11730	196426	41926	0	120913	55723	110762	49253	197523	30040	181714	141684	90982	0	20673	143426	133218	96471	151095	32719	173549	125516	189293	123953	95828	152592	59235	75462	187446	0	63933	10576	76012	105256	131121	17310	199463	0	91861	69827	78701	3214	103126	81986	8162
sp153	0	131653	227544	0	0	106043	1289	2812	0	0	0	6249	108852	0	95314	0	0	0	0	0	0	0	0	222822	0	160405	0	0	0	39288	106513	150914	0	0	176289	0	0	163564	0	0	58141	0	121895	189535	0	0	51716	323	0	0	0	0	0	0	96453	0	113435	126413	0	0	2203	0	184465	232009	124612	0	0	0	45226	0	141065	0	0	73144	0	0	0	0	101502	146249	14570	1	118723	0	0	0	0	0	26759	0	0	0	0	0	0	65744	0	0	0	63429
sp154	0	0	0	0	0	0	0	0	0	0	0	0	0	0	0	0	0	0	0	0	0	0	0	0	0	0	0	0	0	0	0	0	0	0	0	0	0	0	0	0	0	0	0	0	0	0	0	0	0	0	0	0	0	0	0	0	0	0	0	0	0	0	0	0	0	0	0	0	0	0	0	0	0	0	0	0	0	0	0	0	0	0	0	0	0	0	0	0	0	0	0	0	0	0	0	0	0	0	0	0
sp155	0	0	0	0	0	0	0	0	0	0	0	0	0	0	0	0	0	0	0	0	0	0	0	0	0	0	0	0	0	0	0	0	0	0	0	0	0	0	0	0	0	0	0	0	0	0	0	0	0	0	0	0	0	0	0	0	5	0	0	0	0	0	0	203	0	0	0	0	0	0	0	0	0	0	0	0	0	0	191840	0	0	0	0	0	0	0	0	0	0	0	0	0	0	0	0	0	0	0	0	0
sp156	35502	0	0	61045	150637	138796	27646	1	86	191570	162575	10545	88678	169476	7	166351	191901	75075	143377	170046	0	156696	77831	0	39534	0	637	99072	130545	0	17835	64112	107112	181747	49900	145010	181060	0	257	126817	44773	13462	38323	1	28315	31444	85687	57876	0	37244	446	60227	6198	178480	89842	0	0	0	0	176937	0	0	0	0	28706	99735	0	198597	87161	3	8	109201	771	552	153664	114038	127207	115472	0	0	77413	126329	2	165280	10	78757	10652	187382	45197	3228	108988	96313	0	5162	136049	71210	107925	173566	185760	91579
sp157	0	0	119857	0	0	0	0	0	0	0	0	1389	0	0	0	0	0	0	0	0	0	0	0	30104	0	0	0	0	0	147213	0	0	0	0	0	0	0	1965	0	0	0	0	0	0	0	0	0	0	70639	0	0	0	0	0	0	0	67518	18348	148410	0	0	0	0	84473	0	0	0	0	0	0	58066	0	0	40739	0	54	0	0	0	0	29206	0	0	0	0	0	0	0	0	0	0	0	1	0	0	0	0	0	0	0
sp158	0	0	0	158096	10311	0	100291	0	0	4684	35657	105	0	0	0	172559	15855	119327	0	0	110955	0	0	0	73088	0	11995	0	84172	0	31476	1	151621	25937	0	162966	53782	0	15	58960	0	137933	0	0	169785	0	0	0	0	130464	71864	50	187110	0	1	173499	0	0	0	171413	112401	104678	0	0	0	62	0	0	0	122956	0	144466	161224	0	2	1	12824	0	0	0	0	0	0	1	85954	66876	17239	0	0	102957	0	64829	80466	0	0	0	0	88981	7775	0
sp159	0	0	0	0	92182	0	35376	0	0	0	0	15869	0	26382	0	0	11332	0	0	114548	0	54052	0	0	0	0	0	0	0	221	0	0	0	0	0	0	12770	0	0	0	0	0	0	0	0	44060	0	0	103541	61034	0	39327	13	116974	0	0	0	0	115906	0	39044	0	156	0	0	0	96905	0	0	0	0	0	0	10119	0	43237	0	0	0	0	0	48910	0	20356	0	0	0	0	69	0	11185	0	88775	26543	86406	0	0	229	38862	0
sp160	120080	128130	29309	138324	141286	251	134305	140163	111156	88589	195847	41814	15639	108603	105198	0	105163	0	34666	189255	82457	88198	15	507	170281	166675	150624	158167	760	6670	159456	49167	109182	158781	149340	187107	21370	82790	105901	39432	199918	8452	108220	137615	0	124319	192515	160610	148601	142979	107038	66	110230	57759	139951	181743	64	8324	1255	1901	16475	175489	190173	28	35682	168897	195478	196787	197549	0	41742	1	60627	0	194572	21793	43346	177517	19247	33060	45666	151406	183238	129145	155704	107115	79275	137231	150197	120733	0	24411	61480	132719	1291	137569	131512	86044	109061	192974
sp161	0	0	0	43975	0	90228	74008	105763	56363	56304	98227	0	0	4911	0	59446	56055	23009	27626	0	145220	0	104716	0	109586	3133	955	0	61039	1	30718	0	90265	0	71523	121329	0	38739	107164	11973	26620	86224	0	0	29798	0	104139	117021	0	7	39556	2130	0	0	17013	174326	512	37011	0	69346	60390	91234	0	0	47669	57604	0	417	143512	17548	5	2276	121653	0	38458	57448	0	55753	0	17667	52559	0	0	85644	85851	132692	70727	186286	65886	86914	0	94236	60306	0	0	66839	82043	56287	53864	55323
sp162	210581	266239	167946	164192	182124	54466	182840	123652	117734	179299	0	65649	314331	257841	87350	0	129107	9	174773	218469	109765	252054	176660	228245	0	129690	56	180072	88002	168541	214659	79455	134079	213234	0	0	132930	1	171330	222255	210725	170148	297568	233455	28712	245045	30	0	178062	124864	157377	208751	87391	219531	290787	12	164726	41855	232609	1	103379	0	141428	77809	0	178338	127047	134857	28865	150726	272	8260	201812	167977	218036	214525	78002	160227	134990	649	75	128459	169469	172816	331	0	80355	0	226970	194575	209700	159553	151309	188588	198520	173803	70110	172881	193484	290197
sp163	0	0	36	0	0	121565	0	0	0	0	192060	0	0	0	95734	143585	0	190509	8240	0	0	0	0	0	148309	0	185619	0	82628	0	1	128683	0	0	84258	98067	17726	169555	0	0	0	2	0	0	25794	0	154606	188301	0	0	0	0	21084	0	0	167433	16862	125551	0	153012	0	151095	0	0	170225	0	0	0	8372	0	160959	1	0	0	0	0	112266	0	35298	187879	173357	0	0	0	161910	193675	212	188503	0	0	0	0	0	0	0	0	0	0	0	0
sp164	0	53103	475	0	0	0	0	0	0	0	0	0	149317	0	42676	0	111224	0	0	0	0	0	0	76678	0	79082	0	0	0	0	76643	0	0	0	0	0	0	0	0	109769	0	50242	139311	27155	0	0	0	0	0	0	0	0	0	64145	138241	0	0	0	0	0	0	0	0	0	0	0	0	68485	0	0	0	0	0	0	0	0	0	0	0	0	0	0	67585	0	0	0	46589	0	25939	2136	0	0	0	0	0	0	0	0	0	129577
sp165	0	0	0	0	8	0	0	106186	143006	80357	49163	0	0	0	0	118770	0	61525	0	0	173258	0	173166	0	0	0	0	66435	0	54582	33	8241	339	175711	136	120466	0	0	0	0	4	0	0	0	160423	1	0	149509	0	0	73115	0	0	0	0	0	0	0	0	15403	0	0	0	0	614	70058	0	0	0	153567	0	0	129800	0	19688	0	18271	100112	19897	0	0	0	0	0	164476	135471	0	146856	193	0	0	85794	0	0	0	24998	0	0	1904	27
sp166	155213	0	68094	171378	182442	44017	31376	142631	187522	186326	210123	102753	0	34668	0	287032	74056	233112	79120	42038	350886	58592	237970	0	127574	0	166925	211274	154478	126675	0	0	178847	198455	50117	282780	37345	129	134441	0	61262	6624	0	144	281087	134224	28460	143816	197928	53085	206586	153365	50982	5649	1	145581	0	97063	76176	64669	56258	161832	0	30458	313	161672	130092	16940	130325	323540	0	155870	305058	128045	166047	90980	196515	105653	0	0	111079	44910	0	153789	202206	239114	112691	225466	20	87984	172660	96139	117481	123610	28280	100306	127203	97268	5661	128
sp167	49273	116200	8230	127071	77940	149998	87577	9	0	0	2933	1097	66377	13718	132196	0	146756	0	5949	53644	0	71207	0	43224	161813	138767	7913	48676	150612	0	22435	57	68131	0	126481	0	144640	105562	0	10956	50018	117725	45781	168231	0	49842	56680	54266	0	131900	20053	30470	157405	119540	122740	81555	103787	80117	71273	79143	126711	130540	57443	74650	8564	0	0	199	89967	19343	51672	59544	7422	8815	74961	15027	44289	0	0	69312	15100	77764	85849	74261	0	0	116926	47919	12641	69834	144096	101424	91165	88521	96676	67096	103279	89595	30294	93686
sp168	46089	0	22680	0	0	9771	14192	0	14894	60133	99388	30488	0	64208	3946	1	1358	0	34190	2882	135593	22	3226	0	0	0	79794	47841	2	286	0	70612	106797	88176	74214	24847	61400	56406	30073	70224	30819	862	24431	13724	98931	52490	94562	9	0	38484	76997	39935	39003	1	0	58000	110516	0	21064	19122	59265	90566	0	17607	117502	55803	0	58000	80275	173350	4509	111295	138104	0	37710	54709	39882	58016	150745	61786	61330	68319	49868	0	65753	91808	0	33	220	0	8851	1268	32	0	31825	37056	120150	45876	0	32699
sp169	125904	190473	30	23754	66923	126555	0	8252	51626	2301	5245	169968	178882	116675	195829	0	149082	169022	122401	194811	0	132589	0	103788	92156	188416	145299	0	19662	0	7827	6396	0	0	60608	0	0	0	114092	105716	82190	130511	107679	92770	0	149668	0	0	165795	31461	0	169958	0	85640	118157	0	2825	116784	0	0	0	84278	195587	2453	1970	77	71091	126980	0	0	180583	0	0	101110	150414	155555	0	129804	0	0	75436	223284	105343	13306	0	9559	130010	0	105037	160623	191236	0	120125	124608	38234	0	0	19878	67	116849
sp170	110586	101683	203362	69734	128380	171810	0	80786	177968	106043	18520	0	156616	12	12	118238	49390	0	579	46791	0	0	62651	142928	20	171098	26286	0	161268	137150	200648	110709	0	197685	0	0	0	0	47704	133621	81643	172582	89528	83525	0	209495	0	0	181001	72528	0	121297	0	126145	141165	19354	1	193785	109907	0	0	0	139812	203764	188560	188128	223951	157637	200	1651	39749	155644	0	281595	196979	169019	102549	45534	0	0	208535	7192	138540	142795	0	116870	149115	0	145219	246839	271	0	88604	82523	165789	0	0	203949	0	138953
sp171	0	0	0	0	0	0	150275	0	493	0	128202	0	0	0	0	0	0	11512	2226	0	168493	0	0	0	0	0	0	184603	0	0	0	105	194395	0	78239	120671	137416	172532	68354	0	0	0	1	37	143140	0	81485	88774	0	0	101527	0	157818	0	0	125111	34509	0	0	193550	0	80591	0	0	0	0	0	0	130083	20492	913	4	165292	0	0	0	0	0	76606	129343	0	0	0	0	113243	0	0	183220	69	0	0	99594	93	0	0	165457	155445	0	172135	0
sp172	0	0	0	102547	30022	0	14214	0	0	64535	0	45738	0	26041	0	0	0	132165	151074	0	1720	147158	562	0	128086	0	30978	38026	0	0	0	67548	61204	65	106474	25161	46745	101235	29337	0	73125	0	0	4	118028	0	14720	158018	0	31073	157983	8085	180675	18	0	0	32279	0	0	141168	139597	78274	0	0	0	11	0	0	74934	151603	0	0	121507	0	0	0	68308	2	0	106180	0	52368	0	0	30566	0	0	46387	0	0	0	53830	0	88	0	191436	18480	0	186147	0
sp173	143640	87577	56236	79048	105496	0	83740	98823	7717	52572	108504	194415	0	163893	2268	119593	0	107474	132050	113579	172211	157788	20696	0	74125	52026	103814	22281	62629	63916	1	149343	41114	9285	23306	91151	128324	152343	0	266	94585	0	0	29515	159848	147433	144529	32957	0	83953	153872	6451	66612	4	84	103140	132007	151353	8	142948	135303	71968	0	90309	136542	157046	0	0	0	193422	181934	0	82990	115953	126498	0	73429	114225	97675	34171	0	0	78999	109605	111581	105900	26731	6	55951	88881	23068	97563	106197	439	117814	40503	172987	134152	99230	0
sp174	43528	0	72507	52995	1045	50	178902	137156	0	19166	158733	0	0	0	0	165095	0	0	75055	2	114614	116656	129112	24523	149315	0	136808	125886	75580	32396	791	98681	575	131265	105987	190540	165899	193231	67874	0	0	165	0	0	143138	0	181666	90855	0	18818	106526	73672	110148	0	0	125227	84153	46799	150157	162644	179039	166549	0	24018	132894	47875	10	0	115569	80037	0	47221	158415	30346	0	0	76648	69268	120177	152599	73254	47015	33539	77	82313	122050	28338	164487	0	0	572	139273	892	0	204	63	120600	539	148342	0
sp175	34110	85873	0	82816	0	0	0	82288	58346	0	106196	3813	81577	111211	104612	395	10416	39218	148859	197931	0	32825	93918	109793	24841	7495	63968	0	57823	10739	70183	0	0	0	0	0	62406	45	79538	70186	17455	51036	162567	37889	38300	0	1987	23185	102998	314	23032	0	0	40685	0	0	903	0	4	55224	0	47315	26020	79631	62006	0	99417	74537	0	0	49332	0	0	0	612	30625	4802	77379	2779	464	0	152129	87607	0	0	70079	26385	0	28376	13	103377	9286	0	46308	0	0	0	0	1004	36162
sp176	39076	17353	0	101811	13	40784	142907	0	0	66645	0	144602	0	90170	50564	0	147	125552	18247	0	92468	95346	21106	0	28882	0	105623	42488	29950	30	0	0	115669	16	159388	122129	137135	179172	0	0	10199	0	0	0	85422	0	173547	131163	0	130161	33437	0	97429	2	0	0	161680	0	35759	48322	116458	113696	38972	0	75249	0	0	0	1	65517	77986	1	34504	0	0	16516	102027	58528	158240	120077	0	0	0	108708	40513	45881	33304	33930	10714	0	86007	26062	117707	32970	8065	75719	135565	45783	197905	2605
sp177	0	0	21985	93129	18800	0	164473	828	0	117602	0	0	0	0	0	147794	0	0	0	59	155541	0	8566	0	0	0	5062	44544	0	97455	0	42345	155911	48016	5	115088	81548	183165	0	0	42	0	0	0	89289	0	128500	17093	0	0	98459	0	173146	0	0	76568	116525	0	69272	60886	135358	0	0	0	0	138872	0	0	106748	187481	0	142970	93017	0	108	5204	126919	0	77123	182944	0	0	0	41145	103376	0	0	146792	0	0	0	47495	0	7731	0	170370	132569	0	141381	0
sp178	49660	59679	134167	103487	127078	11786	91866	81625	74891	147446	5770	87429	59966	55266	148801	123960	108751	127016	58430	0	65057	97709	38445	0	73933	23007	73469	121405	49867	33337	34693	106368	145454	14029	124559	121474	17678	174040	149252	59	93808	169	0	135441	150756	148933	142309	131826	3	163903	130319	46405	163004	6833	106498	107249	23497	16660	24716	69892	140831	165788	874	0	1	125	0	54635	11051	1248	108146	92292	114084	13	3	18402	12202	169552	144	182381	174800	47937	16204	163993	193017	151140	118875	106757	65381	0	169751	3242	178477	9718	141	125202	8662	43154	118571	104411
sp179	0	0	0	0	0	0	153582	0	0	0	0	155041	0	123363	0	0	283	89017	0	0	143849	140115	0	0	145705	0	26788	148233	0	0	0	0	0	0	154823	0	4718	0	0	26055	0	0	0	0	4495	0	0	62134	0	0	0	0	4042	0	0	0	104908	0	0	143423	125866	11991	0	0	0	22585	0	0	151223	176320	0	0	69497	0	0	0	0	0	0	39	0	0	0	0	0	0	0	0	17	0	0	0	0	410	0	0	173809	0	81531	0
sp180	0	0	0	120292	167181	0	58199	0	183	0	63524	44840	133930	54726	82559	0	126731	2	1671	0	92512	0	90779	20646	117808	75	54836	153043	0	146521	67711	11	10073	98956	101144	11077	117876	0	11	9580	134049	51406	0	145282	94213	0	13	64271	48411	128542	39769	134863	45989	79532	154343	0	62253	0	10717	0	179797	94	122914	0	0	139319	0	0	0	58694	82189	113507	1766	0	0	74121	0	515	905	169660	0	28675	0	154988	189817	11131	168010	110299	85822	0	66770	155354	0	0	25880	194084	47367	132365	160840	57907
sp181	123560	36413	86679	0	0	84052	6	48627	113461	54782	0	0	0	0	0	104727	0	0	1342	0	1089	121772	0	0	0	0	93758	31494	128058	0	0	96197	0	0	40000	0	0	78616	70430	0	0	36	0	0	0	147849	22973	0	0	12	28777	0	1	31580	0	16853	29727	86047	0	55555	0	33976	236	56742	120666	1399	57140	0	103379	0	0	0	0	144777	69705	32837	27606	81178	30694	5	80341	0	6058	0	0	93030	0	0	0	150483	0	10059	127905	0	0	0	32212	0	24814	0
sp182	32537	41721	28966	126205	25066	118217	0	170096	0	25822	143380	0	5713	100879	145837	52581	0	126729	19931	138862	152420	52371	166361	177833	191818	1	86794	0	47605	172042	120782	126373	79815	151195	105512	100772	104126	0	0	195723	112294	123274	99863	70917	102855	21888	175606	92912	172709	117014	41223	117980	0	97447	0	83852	0	48210	97967	167272	82138	170433	0	125301	78538	74418	159416	98648	123969	0	92240	30414	145050	4594	0	85334	127735	147876	59928	57764	51681	73949	135525	119408	120049	101935	116897	163104	130410	0	119113	58451	2911	143753	134145	0	141287	0	137196	144827
sp183	0	0	0	0	0	0	0	2289	0	0	0	0	0	0	0	0	0	0	0	0	0	0	871	0	0	0	0	0	0	0	0	0	0	0	0	5753	0	0	14517	0	0	0	0	0	0	0	0	10273	0	0	53057	0	0	0	0	0	0	0	0	0	0	0	3424	0	0	0	0	0	0	0	0	0	70	0	0	0	230	0	79720	0	0	0	0	0	0	0	0	0	0	0	0	0	0	0	0	0	0	0	0	0
sp184	0	0	0	0	0	0	0	0	0	0	0	0	0	0	0	0	0	0	0	0	0	0	0	0	0	0	0	0	0	0	0	0	0	0	0	0	0	0	0	0	0	0	0	0	0	0	0	0	0	0	0	0	0	0	0	0	0	0	0	0	0	0	0	0	0	0	0	0	0	0	0	0	0	0	0	0	0	0	0	0	0	0	0	0	0	0	0	0	0	0	0	0	0	0	0	0	0	0	0	0
sp185	0	0	0	182925	0	0	0	61407	0	0	105585	0	762	0	0	115572	0	0	125610	0	0	55	158283	0	0	132803	112376	0	125014	160974	22	42113	0	0	0	194708	0	166867	160386	356	0	13	28755	22842	0	22903	123014	3	147221	44478	216397	0	0	0	10078	0	45262	27537	148555	0	5	0	178938	0	91959	0	55500	0	0	0	92170	42784	0	31643	0	0	149348	0	1	101494	154306	0	0	0	0	0	0	162902	19644	0	111756	118104	0	0	62982	184624	0	0	0	0
sp186	36373	6478	529	0	168334	93836	31204	153468	103783	105911	60209	167755	6413	101066	18979	865	3	124439	15828	88104	166897	81522	55781	0	63740	0	61131	38923	2507	2	26907	25726	60556	882	186472	0	156462	82626	0	0	187518	83923	5	35864	115676	40	2560	36396	73169	14984	0	47817	110885	2	3133	125114	168002	33029	0	94159	106842	163699	0	99101	0	84336	90101	126967	67236	165261	80024	44833	134990	104	82171	175009	0	191331	182425	0	75481	72513	35210	131861	157114	95685	44746	0	2078	63589	109673	58435	131979	169223	16880	4768	177553	174933	146776	0
sp187	81466	80234	198501	0	159372	165954	171938	14078	193271	130634	0	83778	66621	173189	39929	21	41484	158554	22987	163343	188700	142707	27515	142946	202992	0	0	92527	489	47243	99636	84127	186552	119729	90453	0	146159	0	39	16530	0	74915	3014	140653	149402	21334	38971	109327	38334	95550	0	65103	180948	154267	41075	81136	71069	40410	4154	178646	206025	89836	0	213704	53583	165731	141	182813	144086	127235	2733	111191	159376	16262	128491	137668	0	160120	24	0	0	98048	185618	165530	162694	121071	0	0	49061	140330	54050	5	172540	73442	63783	5224	157009	51371	184516	20313
sp188	116698	62689	150641	79198	142987	5643	138622	48464	112637	109151	126785	4311	135864	101918	113912	1	28043	66099	176725	2454	32236	97818	39157	111552	0	95731	75978	193126	116881	63011	148697	0	125306	184545	82606	90878	30981	187285	0	43520	104573	139053	59435	5748	0	2	28490	6821	142511	190996	120370	81363	2255	52522	111853	13220	169132	55075	169540	128564	69608	189253	60489	172636	100500	128489	57322	147167	107345	96402	97285	5585	14922	23777	176049	7589	62539	0	102778	128422	182052	75804	37734	165659	102599	160573	111959	120591	158662	173755	126262	66245	130962	85304	0	26260	140005	169459	24780	59944
sp189	47006	119829	0	149846	65261	18086	108062	23479	29352	265	87295	91755	93791	0	23857	117115	27021	707	41577	0	0	35894	72322	0	46080	48898	105661	849	47150	8406	2999	91931	35611	27194	0	121879	47934	5393	76942	3	68155	100327	58526	24764	52430	16033	95981	125698	140696	4	25284	11266	0	0	87769	132186	116905	53119	8608	27868	26270	59998	168438	86577	106546	0	50456	497	25	109737	99579	104264	3112	53876	131538	36326	115326	51353	29788	57340	19223	826	324	58376	42164	19745	71813	46107	32432	111784	7919	144921	62377	103	44295	180432	13339	95987	0	84072
sp190	0	95571	261635	0	0	0	145564	81033	39484	0	0	27042	2	0	164309	0	1	0	0	0	190046	0	0	0	300955	25993	0	0	957	88151	0	0	0	0	0	873	0	6521	122262	74281	0	145940	0	0	0	0	3846	0	33002	0	28951	0	140614	274	0	11950	75459	318150	208417	0	204511	192658	237477	97846	68827	0	238930	0	0	105516	0	0	8736	117576	8860	34279	0	0	207254	137229	0	72846	0	0	197487	0	40567	0	0	67054	0	0	163365	0	0	0	0	0	0	61967
sp191	0	0	0	0	0	0	0	0	0	0	0	0	0	0	0	0	0	0	0	0	0	0	0	0	0	0	0	0	0	0	0	0	0	0	0	0	0	0	0	0	0	0	110827	0	0	0	0	0	0	0	0	0	0	0	0	0	0	0	0	0	0	0	0	0	0	0	0	0	0	0	0	0	0	0	0	0	0	0	0	0	0	0	0	0	0	0	0	0	0	0	0	0	0	0	0	0	0	0	0	0
sp192	64284	71503	14558	162165	50430	129709	42718	21770	77476	70349	106979	174351	123333	5641	33018	33476	43426	147147	25836	45414	0	27369	139509	149163	0	57275	97773	65563	131151	15683	164938	178839	123594	169985	88648	60777	60997	84904	44176	0	155444	7	35	153420	169860	188449	43158	127137	49008	14756	51974	66958	66398	63077	149050	68959	70886	0	96	95258	17409	0	18509	55	96253	195798	6567	112737	114380	69544	56183	50275	46159	53643	75791	77450	70926	136244	12486	259	158027	2	99189	6655	0	120930	29629	102799	146065	51769	189614	160618	0	184317	32532	177303	35239	70758	148283	2346
sp193	33034	116805	133038	2206	32358	97333	181415	181626	31892	3142	105239	161866	194728	90273	127374	33908	102652	99136	16659	96640	53508	3142	107186	13073	165308	24325	40261	138568	45313	182	92336	24275	117322	176582	77046	154870	87040	93821	50629	165065	93376	41554	0	48977	12770	10101	172190	19946	148146	67929	105760	68043	98783	186058	6727	15854	88883	149588	51768	182861	89002	66745	92618	24267	174546	148821	94798	153018	60362	120661	33446	13094	34178	146483	137137	165083	16465	91470	152586	94781	34319	139928	111567	72515	50667	67427	149210	12444	3722	30730	162473	13459	119364	91378	19812	104076	182257	28795	101620	106202
sp194	87403	126386	0	175818	190062	188003	168111	87601	186560	186481	10047	64970	7124	21325	230	82359	7366	139592	17260	75934	470	42183	171220	83949	0	110031	0	131143	2683	13719	64722	83983	183078	52085	91746	68535	180159	109324	9	92873	145415	0	48238	138534	30731	181869	80610	50697	136646	23208	59259	140612	90	70026	123367	109979	32991	0	18296	56050	14225	84115	0	123301	0	132424	0	145566	178654	111848	109395	86351	4328	60608	69228	65270	50765	36	0	18535	141579	20035	57548	79031	18746	72512	75983	124895	178556	0	93942	190350	38509	71513	132282	109965	128387	140783	27145	126624
sp195	176099	112061	47108	87447	0	53720	1	28010	29015	140081	0	131429	86376	120311	133390	101920	56545	0	70913	141017	77935	87799	0	0	161569	80378	18881	45012	11218	81109	0	68425	0	175692	24693	54775	0	16240	108766	3903	58556	49802	10737	0	155307	0	0	123368	0	386	143054	129155	0	0	69829	0	45564	180588	2398	867	76213	0	46282	8	60149	70061	0	32753	152662	324	34139	30510	173741	93978	90100	38362	82746	124507	167873	144669	19646	50197	125156	66	6592	8	0	6069	0	50164	12	112977	1340	137278	28636	124907	5454	1	51878	0
sp196	0	0	78458	0	0	0	16367	0	0	0	140031	3	0	0	0	489	1	100493	983	0	65292	85754	0	96777	0	0	131957	46760	42356	0	46183	18	93719	0	0	0	117543	10418	781	101575	0	0	17	31845	0	0	23550	0	71279	39282	0	0	132828	7240	0	183628	44109	0	156109	0	0	56997	0	86112	130422	63265	120533	65709	0	43398	0	0	0	0	0	71418	12991	0	0	0	0	0	0	69513	22738	0	67908	0	115782	7174	0	0	124586	0	0	1	35015	0	98999	0
sp197	146337	183734	222431	150959	208937	44722	119982	119891	123425	67286	90263	108729	198299	58226	129584	150536	170179	118386	88951	160815	54645	195454	95558	172863	116836	96985	136164	143953	236634	84489	223121	64910	258489	17643	95521	180693	189003	121654	99978	77560	109803	87329	78149	66618	0	159720	152059	115129	210137	217236	93606	45748	159214	183306	6194	220875	149453	21772	106870	219005	61048	122133	86473	144330	46772	210928	146783	101262	74947	154815	222078	100526	76087	129589	152609	254348	239908	22298	182922	121767	257157	157757	103865	119041	259733	170961	150861	96161	165934	87421	182871	98665	248933	93547	117329	146724	87706	136221	238763	166609
sp198	174631	32	70635	191482	5128	156868	135827	183348	102126	58621	75703	165738	178899	111392	5972	113429	0	24116	137024	42774	13374	31881	188561	5667	56983	40759	122471	1684	35160	77949	25108	18664	158526	3741	179641	50489	77384	96609	13401	52280	61483	73008	64254	0	100709	175117	79261	82334	51821	15170	121407	91653	1948	97333	19812	122481	22956	7168	0	12828	18287	138593	81509	65470	1	3517	0	15810	134052	177051	22278	51324	110735	34828	7962	155412	68573	184076	85198	67198	112530	163589	160512	128072	50717	117918	0	145072	11915	162514	147695	180624	35023	71024	116704	38534	49217	111309	58082	156078
sp199	44351	120493	60937	101784	37860	2468	27445	115	78814	154328	81295	165953	75047	106592	20160	89081	110436	129851	1698	84687	118	134772	60017	115421	139974	133137	52099	145610	120910	115784	65668	20417	86492	102524	127464	51226	77047	1	56818	94811	36772	126901	1	32739	15072	1	1529	83171	42615	123080	4387	124669	66801	166	34488	60808	128494	103129	3346	108420	13408	18523	68132	133204	57843	120912	148929	60371	116631	97207	79561	13536	134056	121464	23001	95456	130254	55068	89202	132565	89651	98159	128791	14778	113154	196	29696	32180	88490	67476	24770	38	79374	69445	45937	157018	17977	56209	135495	79628
sp200	96963	131877	0	46389	117721	94376	0	0	197269	101481	110853	69157	132907	3596	122700	123007	0	46959	56356	199308	0	88357	88738	74256	2	53199	0	34141	158258	91752	148005	156901	0	98882	127602	114586	0	127231	152478	28474	157672	95077	118469	36078	715	118947	144481	165065	132050	173254	150544	160594	105001	168889	97695	54498	62241	128933	98392	196197	20647	155321	85371	105697	168387	4	42941	45448	15427	179510	187425	146382	103939	113251	128448	0	192911	96812	144819	29994	79741	99398	0	60913	155020	191667	129050	69810	11136	66439	130956	174539	380	32597	195225	180006	53360	107992	0	87542
