#OTU ID	sample1	sample2	sample3	sample4	sample5	sample6	sample7	sample8	sample9	sample10	sample11	sample12	sample13	sample14	sample15	sample16	sample17	sample18	sample19	sample20	sample21	sample22	sample23	sample24	sample25	sample26	sample27	sample28	sample29	sample30	sample31	sample32	sample33	sample34	sample35	sample36	sample37	sample38	sample39	sample40	sample41	sample42	sample43	sample44	sample45	sample46	sample47	sample48	sample49	sample50	sample51	sample52	sample53	sample54	sample55	sample56	sample57	sample58	sample59	sample60	sample61	sample62	sample63	sample64	sample65	sample66	sample67	sample68	sample69	sample70	sample71	sample72	sample73	sample74	sample75	sample76	sample77	sample78	sample79	sample80	sample81	sample82	sample83	sample84	sample85	sample86	sample87	sample88	sample89	sample90	sample91	sample92	sample93	sample94	sample95	sample96	sample97	sample98	sample99	sample100	sample101	sample102	sample103	sample104	sample105	sample106	sample107	sample108	sample109	sample110	sample111	sample112	sample113	sample114	sample115	sample116	sample117	sample118	sample119	sample120	sample121	sample122	sample123	sample124	sample125	sample126	sample127	sample128	sample129	sample130	sample131	sample132	sample133	sample134	sample135	sample136	sample137	sample138	sample139	sample140	sample141	sample142	sample143	sample144	sample145	sample146	sample147	sample148	sample149	sample150	sample151	sample152	sample153	sample154	sample155	sample156	sample157	sample158	sample159	sample160	sample161	sample162	sample163	sample164	sample165	sample166	sample167	sample168	sample169	sample170	sample171	sample172	sample173	sample174	sample175	sample176	sample177	sample178	sample179	sample180	sample181	sample182	sample183	sample184	sample185	sample186	sample187	sample188	sample189	sample190	sample191	sample192	sample193	sample194	sample195	sample196	sample197	sample198	sample199	sample200	sample201	sample202	sample203	sample204	sample205	sample206	sample207	sample208	sample209	sample210	sample211	sample212	sample213	sample214	sample215	sample216	sample217	sample218	sample219	sample220	sample221	sample222	sample223	sample224	sample225	sample226	sample227	sample228	sample229	sample230	sample231	sample232	sample233	sample234	sample235	sample236	sample237	sample238	sample239	sample240	sample241	sample242	sample243	sample244	sample245	sample246	sample247	sample248	sample249	sample250	sample251	sample252	sample253	sample254	sample255	sample256	sample257	sample258	sample259	sample260	sample261	sample262	sample263	sample264	sample265	sample266	sample267	sample268	sample269	sample270	sample271	sample272	sample273	sample274	sample275	sample276	sample277	sample278	sample279	sample280	sample281	sample282	sample283	sample284	sample285	sample286	sample287	sample288	sample289
sp1	134	45	160	4	1437	0	22	229	0	102	35	173	4	0	18	1	12	25	84	33	468	67	4	262	311	25	27	12	2	85	23	0	94	103	0	5	252	4	0	5	1	55	30	247	326	1090	7	10	75	214	9	354	2	27	273	0	273	250	28	132	269	4	739	4	53	0	1	26	34	83	48	42	75	10	13	44	152	1	69	0	216	197	37	100	3	14	1	579	558	0	78	67	89	270	23	49	5	182	28	1	96	0	65	1	73	9	87	325	4	19	6	433	57	21	216	49	355	2	5	0	1	196	1	0	51	35	31	0	0	64	431	25	925	15	9	0	6	21	4	150	18	6	16	40	603	77	22	0	0	7	1115	792	84	77	59	254	483	2	1152	0	10	67	120	383	174	308	263	88	46	6	336	7	39	2	297	2	1	59	212	102	28	6	0	214	122	1	96	2	24	540	1	227	11	365	31	3	122	13	0	0	423	11	0	0	382	95	334	1	0	33	8	4	106	0	31	30	8	466	0	2	18	746	2	2	0	24	424	25	52	30	166	190	0	52	957	35	0	1	38	1	0	173	155	35	1	5	0	34	199	15	783	0	0	68	0	744	206	14	73	0	2	43	0	1	35	20	1	54	0	489	2	29	13	0	0	30	330	8	3	482	278	7	0	48	35	112	31	147	1
sp2	16	0	9	3	25	4	65	4	8	43	3	4	12	7	62	8	0	0	11	38	45	187	22	10	12	46	0	7	138	31	0	80	28	5	4	60	1	55	32	32	12	27	0	84	45	1	1	5	24	84	16	11	52	11	34	36	0	6	89	6	0	78	11	21	60	21	82	0	14	1	1	47	71	3	0	3	75	84	17	2	108	2	6	29	2	26	52	90	0	1	0	50	20	2	2	33	32	41	0	170	14	17	80	1	5	12	0	3	16	1	18	6	5	27	5	24	73	16	23	0	11	2	70	59	1	7	12	1	8	2	16	10	30	45	0	5	1	4	2	74	1	14	0	8	28	48	8	57	46	57	37	1	12	42	10	27	10	0	4	4	0	0	12	44	40	13	19	14	0	56	31	1	9	39	12	79	2	4	73	9	8	75	6	18	6	1	64	3	5	68	7	1	27	184	187	30	20	3	1	38	27	4	0	63	0	30	8	9	2	45	3	54	2	59	25	7	33	25	15	21	0	17	120	47	26	52	0	78	6	0	12	36	25	20	21	34	12	13	0	0	24	14	3	12	2	57	5	0	83	2	0	34	87	18	0	4	43	9	4	96	7	123	47	18	3	24	95	0	13	30	28	48	1	77	15	8	1	44	8	33	38	4	0	9	22	35	0	8	57
sp3	0	13	0	7	2	123	0	21	191	135	1	91	1	0	11	39	0	71	0	115	14	0	165	0	0	0	34	0	128	1	0	1095	0	0	168	0	0	316	1	0	0	1	0	1	36	97	0	0	0	462	12	4	5	3	0	81	1	0	0	179	0	0	0	55	13	5	16	2	0	41	2	0	2	20	0	2	0	0	38	5	34	0	267	0	0	38	11	183	0	1	134	371	6	151	9	215	26	19	0	0	14	0	46	0	0	5	10	0	8	169	0	28	8	66	16	244	238	1	43	423	0	20	11	6	489	5	322	0	0	0	52	0	21	73	2	0	0	0	0	0	0	5	4	33	0	92	1	0	41	23	3	0	231	23	0	9	25	0	1138	271	5	0	10	0	120	7	0	51	16	88	0	115	0	0	0	8	0	168	0	191	0	0	1	1	41	137	0	46	0	0	13	1	5	0	34	0	0	2	0	14	2	31	0	2	0	204	2	0	66	0	11	52	179	21	0	0	8	302	0	1	0	0	0	41	0	0	87	0	121	45	122	1	0	0	0	12	1	0	0	35	5	10	0	1	486	0	4	97	465	187	5	1	329	0	87	208	0	47	96	348	0	1	1	0	0	0	0	3	0	0	0	11	0	39	2	0	7	0	577	0	0	0	236	108	80	0	516	17	16
sp4	0	141	6	29	64	14	1	17	4	3	183	11	0	31	115	33	3	56	50	100	0	31	24	22	1	1	4	0	167	1	18	4	1	79	31	7	20	35	3	15	61	15	24	174	5	27	1	5	5	5	4	2	1	68	50	0	2	3	0	2	92	37	16	17	189	1	0	20	49	31	44	184	38	0	1	4	20	0	33	14	17	24	22	18	36	80	8	33	81	12	31	13	0	0	16	2	21	26	0	60	17	2	38	14	20	29	19	55	14	4	7	77	5	87	15	43	21	1	4	86	0	37	22	22	11	31	22	10	1	1	4	0	10	21	15	27	13	13	37	30	42	13	30	28	21	16	7	13	0	6	0	15	29	29	21	1	0	11	12	53	1	10	0	4	2	2	28	66	28	11	7	26	5	13	7	7	15	7	2	23	46	16	26	7	50	124	48	28	0	44	0	6	13	23	126	4	8	93	32	34	0	113	77	59	26	5	8	4	218	87	1	2	18	158	7	30	2	14	2	5	4	7	14	30	60	0	3	65	21	51	0	1	41	0	92	2	4	18	35	1	6	48	15	24	10	28	5	0	1	0	0	7	1	2	38	10	36	2	58	12	52	106	65	2	17	5	3	41	43	79	64	6	16	22	30	166	18	1	25	4	34	7	109	4	58	24	0	0	79
sp5	20	26	94	60	25	87	76	41	79	43	86	55	23	86	39	65	163	17	66	137	26	70	133	25	44	129	157	75	84	72	38	30	34	75	89	52	90	66	31	28	60	169	79	62	34	30	45	41	59	112	176	60	83	78	109	44	184	102	14	117	38	31	155	85	120	81	96	32	48	46	40	44	83	79	79	17	169	92	81	24	25	64	43	27	246	211	81	171	77	216	140	32	69	31	77	35	109	53	68	115	64	55	220	33	84	42	231	147	86	50	98	79	72	43	142	150	16	111	47	23	59	45	91	31	79	89	71	35	88	51	66	60	11	156	43	173	142	57	36	113	35	55	124	10	60	35	151	72	53	21	90	104	46	15	10	28	110	18	80	86	125	50	71	151	10	57	10	88	102	49	133	48	45	87	62	69	112	76	96	259	28	7	135	31	84	100	20	165	85	45	76	70	87	64	71	87	162	32	24	71	153	54	36	163	40	102	56	18	176	102	27	12	157	144	43	47	134	80	235	75	38	57	147	49	140	66	51	77	79	80	52	47	88	33	191	130	213	17	156	99	17	20	42	102	45	83	11	49	67	65	25	65	29	84	59	49	71	81	98	108	52	71	214	46	82	38	64	43	69	60	205	73	33	18	76	89	36	78	37	35	20	29	78	58	106	85	169	107	119
sp6	0	0	0	0	0	0	0	0	0	0	0	0	1	0	0	102	0	0	0	284	0	1	395	0	0	0	1	27	0	0	0	10	0	1225	0	167	409	0	0	0	0	0	0	49	0	220	0	871	7	0	13	37	1	387	5	0	90	0	0	0	4	150	0	0	1	0	0	0	0	0	0	1	0	30	438	0	0	21	5	41	0	0	0	0	0	0	0	0	7	21	0	38	0	0	1	0	68	47	0	4345	505	0	0	1	0	0	0	0	0	0	138	0	6	0	0	0	0	8	110	7	0	0	70	0	0	0	0	971	65	0	0	0	16	0	0	0	0	0	0	0	768	0	248	0	0	592	0	0	0	0	1	0	0	0	3	0	27	90	0	1	3	5	1116	0	1	0	0	0	0	4	4	1296	38	20	0	0	0	34	522	0	0	0	24	0	0	0	0	16	1	369	4	0	0	4	0	0	6	113	0	200	19	153	0	17	0	0	259	0	142	2	0	0	67	0	330	0	0	0	0	0	0	0	3	2	0	0	0	0	4	45	510	7	0	0	0	0	0	1746	0	0	0	0	0	59	0	0	0	0	0	0	0	0	1	0	0	0	0	4	1	8	0	0	151	724	4	1180	14	224	0	8	3142	0	0	0	0	0	0	0	104	0	1	0	0	0	0	196	275	0	67
sp7	59	95	104	0	0	8	11	0	45	111	11	9	2	105	2	208	1	37	0	37	62	109	3	158	0	21	44	15	10	111	16	21	4	126	1	43	164	12	1	33	32	17	38	169	50	0	15	24	1	131	7	14	5	52	2	30	1	5	41	46	0	2	78	1	5	35	21	26	36	0	123	117	3	10	6	1	33	26	33	9	3	96	0	11	4	66	22	92	3	50	17	0	6	0	6	61	94	120	119	47	2	32	19	102	105	111	8	82	3	1	23	2	50	10	7	0	0	0	76	163	25	0	119	34	2	35	41	29	0	0	27	5	131	38	61	13	22	8	3	2	3	0	7	3	2	63	6	3	91	33	15	9	17	3	43	2	0	4	45	9	68	29	54	3	46	1	22	79	93	7	7	46	12	7	27	48	0	25	12	34	43	7	16	0	198	0	2	125	103	38	4	37	2	32	7	45	36	17	6	10	15	45	103	5	22	42	13	3	8	3	8	40	14	21	20	0	3	1	2	0	45	130	6	26	108	6	33	117	20	56	3	11	54	7	1	16	86	2	43	27	4	13	1	0	96	33	0	111	23	1	1	70	32	11	25	0	0	77	21	5	17	36	5	29	24	8	45	40	4	69	35	2	1	18	0	13	30	18	3	25	12	21	57	59	62	24	92	7	89
sp8	0	0	0	89	23	0	0	0	16	0	0	583	0	0	0	1	0	10	0	1	0	1	4	71	857	4	0	1	52	0	0	8	0	0	0	0	24	0	0	22	0	0	0	0	1	32	0	0	73	0	0	374	1	0	9	10	32	0	0	0	0	0	0	1	0	0	0	0	0	9	7	2	1	0	0	258	0	0	0	0	1	0	0	0	0	0	0	9	0	0	0	0	0	0	0	0	63	0	0	0	0	1	0	0	2	0	0	0	3	15	5	0	62	0	0	0	12	0	0	0	0	0	1	0	0	86	26	0	15	0	0	156	0	0	0	0	0	0	0	2	0	0	0	169	0	11	0	0	2	50	69	0	23	226	0	0	1	0	2	0	0	24	0	0	15	0	2	97	0	0	0	0	0	0	5	0	1	0	0	176	0	202	0	0	0	0	0	0	10	51	0	3	0	0	1	0	6	152	0	0	21	8	0	233	0	0	0	4	0	6	0	0	0	0	1	0	0	6	34	0	1	18	0	0	17	110	0	0	0	213	6	0	4	2	0	0	32	0	16	0	0	2	0	76	300	4	0	0	0	1	0	0	0	0	0	0	0	0	21	0	14	0	0	0	0	0	0	0	0	140	0	0	0	0	62	0	10	0	0	0	0	87	196	0	74	0	49	0	0
sp9	125	30	10	11	279	130	63	37	168	274	19	98	6	174	306	0	409	123	24	29	161	7	17	133	74	4	186	11	60	200	269	298	142	6	598	104	263	15	29	200	50	48	75	104	4	61	1	14	6	88	44	33	4	70	192	481	34	105	18	76	6	0	265	5	17	9	10	2	415	2	68	61	62	158	2	108	7	77	269	122	67	636	110	11	30	40	31	116	2	15	23	23	19	25	46	70	75	17	11	261	10	85	79	234	2	13	40	0	18	26	30	141	15	187	6	34	51	252	17	1	104	234	1	24	83	7	2	44	57	685	10	25	4	155	0	185	348	116	21	0	307	16	1	41	188	146	18	97	184	276	848	328	392	563	20	58	34	31	0	22	283	249	13	55	58	10	19	176	70	460	242	60	342	0	49	36	37	2	30	0	40	81	209	28	257	106	67	122	69	74	5	79	77	14	263	9	260	34	12	82	11	76	41	67	183	14	21	125	105	99	1	77	13	92	0	31	68	3	229	4	91	237	155	61	117	57	76	2	24	14	184	208	201	1	74	192	36	205	0	191	147	2	39	59	7	34	50	153	99	11	335	1	33	81	129	170	77	90	106	42	209	11	11	222	73	7	351	24	108	62	104	20	73	13	53	77	40	2	56	0	23	36	197	321	171	275	84	60	122
sp10	0	16	2	0	130	0	0	49	1	53	32	0	1	4	0	33	2	0	0	13	39	0	0	1	2	0	0	57	3	0	0	2	3	4	2	31	0	0	0	26	2	23	0	1	49	0	4	0	0	2	0	0	0	1	35	0	0	15	0	0	16	22	3	7	3	0	12	0	4	0	0	3	32	10	0	1	6	0	78	10	12	1	1	22	283	61	3	0	0	23	1	0	0	0	0	0	0	0	0	2	2	10	0	0	0	3	8	7	0	0	0	0	44	0	0	1	0	0	0	14	29	0	34	47	17	0	0	2	0	0	0	11	7	0	0	3	2	0	15	0	0	0	224	141	0	0	0	0	20	1	0	0	0	8	0	276	3	0	0	0	0	2	2	2	0	13	5	3	0	4	0	0	51	0	0	0	0	1	0	0	0	0	0	0	2	0	0	13	0	0	2	1	9	0	0	23	2	0	0	0	13	2	3	0	0	0	98	140	17	0	23	6	1	15	0	0	4	1	0	0	0	0	0	4	0	186	0	0	0	0	71	22	1	0	1	0	9	0	0	0	0	0	1	0	0	0	25	0	0	1	11	5	6	0	0	36	0	0	2	0	0	0	0	1	79	0	0	1	4	0	0	11	0	0	1	0	0	0	0	0	0	0	0	0	1	31	0	1	11
sp11	1	5	5	1	0	0	0	0	0	2	1	1	3	2	3	0	1	2	0	1	1	2	0	0	4	1	3	0	0	0	0	1	1	1	0	0	1	3	11	8	1	2	0	0	1	6	0	5	4	4	2	2	8	7	0	1	4	0	0	0	0	0	2	0	0	6	4	10	0	4	0	3	1	0	4	1	1	1	6	0	0	1	0	1	5	0	6	3	7	6	0	2	0	0	0	2	9	1	4	3	4	0	0	0	2	6	0	0	6	1	0	15	4	7	0	6	1	1	4	0	4	1	0	7	0	0	0	0	0	0	0	0	1	0	1	2	0	3	0	3	1	5	3	2	1	0	0	3	2	0	0	0	1	0	1	4	1	0	2	0	0	12	1	0	0	0	1	13	4	0	7	8	3	1	10	0	3	0	2	0	3	0	14	4	1	0	2	8	2	0	1	1	8	6	3	1	2	0	1	0	0	2	0	6	4	1	4	0	2	4	4	5	0	3	0	1	2	0	2	3	3	1	0	2	3	1	2	1	0	4	0	5	1	0	0	2	1	4	0	0	1	2	3	4	6	0	0	3	0	10	11	0	12	0	0	5	3	0	2	0	5	0	0	1	0	0	0	1	0	3	0	1	1	0	7	0	0	1	0	6	1	0	0	5	3	0	1	0	0
sp12	0	2	0	0	110	2	4	51	0	17	0	231	0	163	61	2	5	0	110	2	0	0	50	0	5	107	0	61	0	451	198	51	0	161	0	0	0	30	0	0	512	1	1	9	0	2	0	0	54	7	0	102	0	0	0	0	0	0	0	97	27	324	0	50	2	541	0	0	0	0	0	66	0	0	18	0	0	2	0	30	0	9	0	0	34	0	4	0	0	43	0	2	0	0	80	0	0	9	19	9	0	3	126	0	3	37	1	40	0	0	6	0	38	76	84	0	11	1	0	1	0	0	0	14	0	0	0	27	0	0	0	1	0	0	1	1	184	0	0	0	0	0	217	678	0	46	54	0	0	41	107	8	25	0	21	34	29	404	0	1	0	0	0	1	1	0	3	0	98	2	0	1	0	0	0	1	0	1	11	2	0	0	0	0	33	0	0	16	0	5	31	0	8	1	1	0	39	0	0	0	0	0	1	10	0	26	0	5	0	130	0	147	69	54	0	19	0	0	0	0	0	0	166	21	33	0	0	385	3	1	0	0	0	0	75	7	131	0	47	0	19	28	0	2	1	50	0	0	0	11	0	0	56	0	71	0	0	0	0	0	5	0	21	4	0	0	0	0	280	11	35	0	0	0	0	1	0	0	0	7	0	0	0	67	0	0	1	1	5
sp13	0	0	14	5	10	28	25	2	31	0	0	0	24	54	0	0	27	12	4	7	93	21	21	1	0	18	0	1	0	2	12	0	0	0	0	0	0	13	4	0	2	10	10	0	25	15	25	10	4	2	6	78	27	23	9	0	0	23	39	0	2	6	8	46	0	0	0	0	3	1	11	1	0	15	1	13	1	88	13	0	41	0	37	4	4	96	0	3	0	1	0	11	3	2	3	19	1	8	14	1	0	1	0	8	0	0	0	2	38	30	1	0	1	0	21	1	63	1	1	10	15	1	0	3	0	1	0	0	3	0	28	0	2	20	7	0	0	2	9	0	3	19	0	6	87	9	59	0	7	32	5	0	6	60	14	0	0	2	2	0	0	56	28	2	0	14	22	17	6	0	3	5	40	5	28	0	5	59	0	1	57	4	2	41	12	10	1	1	0	0	6	0	2	0	3	0	79	3	15	5	24	0	11	0	0	0	0	0	15	16	29	0	0	15	0	124	0	25	11	0	10	0	0	1	0	0	116	7	0	46	4	29	8	2	6	15	0	3	0	0	0	0	0	2	2	15	4	2	25	0	46	21	1	0	6	0	8	7	1	0	0	0	0	2	2	2	1	1	0	1	4	5	1	41	2	3	2	3	0	23	3	0	1	21	0	0	15	6	1
sp14	3	6	19	0	10	1	0	1	13	0	13	34	4	52	4	9	11	0	19	44	4	1	4	1	0	11	1	0	1	0	12	24	1	2	0	0	22	24	0	62	2	4	2	5	8	0	15	16	6	4	5	1	0	1	1	1	18	44	5	5	11	3	6	3	1	30	40	1	7	4	17	2	0	17	1	8	7	5	0	6	14	1	1	1	2	6	0	1	0	11	10	3	1	0	17	22	9	3	2	1	0	0	6	3	18	4	2	12	28	0	31	49	20	0	2	35	10	6	36	11	0	34	6	14	1	0	0	22	0	10	3	2	0	0	10	2	1	0	0	0	5	5	85	6	0	1	0	32	0	0	4	1	48	0	83	0	7	2	24	0	1	2	2	7	10	22	13	6	2	25	11	41	31	7	3	9	30	10	0	0	3	11	0	2	2	2	28	10	0	0	10	5	37	1	27	15	0	5	5	95	21	0	32	26	17	1	0	0	24	5	4	17	1	15	2	0	0	9	5	0	2	27	69	13	5	23	3	14	6	3	16	2	1	0	1	6	26	1	6	0	2	1	9	7	3	8	2	18	1	4	0	5	1	20	3	62	8	11	5	18	9	4	27	0	2	19	41	31	19	41	2	0	0	0	0	5	1	1	1	0	22	3	5	1	4	16	24	21	2
sp15	750	82	21	409	26	44	684	4	14	204	2	15	174	215	5	22	246	3	89	141	146	24	87	233	294	0	21	371	385	109	102	19	187	21	29	468	76	0	385	109	155	1	143	3	33	10	25	3	24	273	6	409	41	23	4	92	19	206	589	12	238	12	7	13	63	0	17	124	72	138	180	89	60	113	141	102	11	79	207	103	37	1	89	2	147	107	208	92	297	48	698	16	4	385	104	168	0	94	65	48	108	5	17	4	5	205	14	22	257	253	0	245	275	59	143	695	32	9	295	118	2	29	44	77	62	93	1	80	126	37	252	370	27	7	32	56	233	35	67	158	430	0	36	17	101	14	8	59	50	11	46	55	70	176	226	36	49	216	132	34	610	11	348	7	0	593	143	473	4	15	80	100	42	1	165	348	99	514	55	0	2	26	5	896	154	120	173	26	335	247	116	159	74	33	231	224	225	244	132	231	107	22	1	40	0	268	209	147	11	13	2	52	86	153	78	26	203	229	38	388	27	79	85	123	18	53	281	159	3	273	120	97	214	29	283	25	95	2	1	198	107	24	17	120	362	47	9	35	286	196	95	181	27	72	136	9	345	7	53	0	188	649	110	133	18	12	27	62	65	50	52	128	125	209	183	181	381	29	56	87	679	36	61	4	5	190	353	99	48
sp16	0	0	1	2	0	0	0	10	0	5	2	0	2	0	2	7	1	23	0	0	6	0	46	0	0	1	0	0	0	0	1	0	1	14	0	0	6	1	0	0	0	0	1	2	12	0	0	0	1	1	0	0	4	1	0	1	1	0	0	4	3	0	0	6	6	9	0	0	0	0	0	0	0	12	0	0	0	5	9	35	7	0	2	6	5	0	0	0	7	29	0	0	3	8	2	0	4	6	0	0	1	21	5	0	14	8	0	1	25	1	30	0	1	0	3	0	0	3	0	17	2	8	2	0	0	1	0	1	0	0	1	0	0	9	3	0	4	2	1	19	16	0	0	0	3	0	0	1	2	15	3	1	8	0	0	0	0	2	5	0	0	0	1	9	0	4	0	4	9	6	0	3	0	0	10	0	0	0	1	0	0	0	5	0	2	2	0	0	3	7	0	7	0	6	45	1	0	1	1	2	0	1	1	0	2	0	0	1	3	0	0	0	0	6	0	0	0	0	6	0	2	0	6	0	2	0	0	35	1	0	0	14	2	13	0	0	0	1	4	0	0	0	0	11	0	7	1	0	0	0	0	0	1	0	1	21	10	0	0	1	2	0	0	0	0	1	1	0	11	1	1	5	0	0	0	0	0	0	0	0	0	2	0	9	28	17	0	10	0
sp17	3	0	8	0	64	1	0	1	37	0	159	0	12	0	0	40	0	0	0	0	0	0	0	0	0	1	10	0	8	11	22	0	2	0	0	0	166	0	2	30	5	24	0	0	0	0	53	0	15	20	1	18	4	10	0	11	0	25	0	29	0	0	0	0	7	0	0	0	14	2	0	0	0	3	0	28	6	0	0	5	108	1	25	0	5	3	1	3	169	0	5	40	0	0	0	99	0	342	0	0	0	1	0	36	1	13	2	2	8	32	0	0	29	11	20	0	288	0	1	32	0	43	7	99	0	17	0	0	38	48	160	12	0	0	0	24	30	33	1	12	0	25	0	0	0	0	4	0	0	66	0	3	0	43	0	1	235	3	0	33	0	9	7	4	0	0	0	0	3	0	0	1	59	0	6	41	0	0	0	0	0	275	12	163	0	0	7	0	132	3	1	14	0	0	0	0	0	0	0	11	24	0	0	2	0	0	0	32	0	0	0	42	8	14	2	0	26	0	19	9	22	2	0	0	3	1	15	0	1	0	0	0	0	26	152	2	0	32	11	0	5	0	1	0	13	1	0	0	0	11	7	0	1	0	0	0	16	11	0	0	0	2	0	0	2	0	0	0	18	0	0	0	19	0	0	0	0	4	0	0	2	0	0	3	0	0	0	0	3
sp18	0	4	0	0	1	1	35	1	2	1	0	0	5	7	8	27	13	2	22	0	1	8	57	1	2	73	39	0	14	0	1	74	1	3	0	0	0	5	0	0	0	41	0	0	0	0	0	0	82	8	0	4	2	0	2	0	9	2	4	8	1	0	1	0	2	8	8	0	0	16	1	28	15	0	3	0	2	3	0	0	0	3	30	2	24	0	0	0	0	1	5	33	1	2	0	18	0	0	31	0	9	0	10	125	12	0	0	0	0	30	0	0	3	24	0	2	2	37	0	2	0	84	96	1	0	0	0	6	0	0	0	3	100	22	6	17	13	30	9	38	0	0	0	3	11	0	0	0	50	0	0	3	0	0	0	0	9	8	19	36	47	9	26	0	0	25	4	13	1	10	0	0	0	0	0	0	1	7	0	39	4	0	6	31	1	2	1	9	1	11	13	0	1	21	10	0	6	9	2	26	88	0	0	1	1	0	28	6	0	2	0	15	0	0	0	3	91	0	0	0	5	66	1	1	0	0	0	39	1	1	0	0	3	0	0	0	0	0	0	1	0	0	7	0	1	17	18	8	0	0	1	49	0	2	0	19	0	19	2	0	13	1	3	16	0	0	1	28	2	1	0	0	1	1	14	0	1	0	0	0	16	4	11	1	3	0	0	26	21
sp19	68	49	0	0	81	0	8	0	1289	169	0	0	0	1447	0	203	421	392	288	37	0	2	28	1	6	0	124	0	0	21	7	0	96	0	3638	1	0	0	0	1	0	48	0	41	0	0	227	1074	0	1246	10	0	185	0	0	716	19	0	1	0	1	50	158	0	227	152	259	38	1	908	242	955	0	0	0	597	0	8680	1145	0	1	8	27	642	2269	0	0	523	1858	0	202	3	0	0	0	0	0	0	0	144	0	765	0	0	1	8	0	7640	0	4	0	8	1	2	26	0	0	0	0	0	0	0	0	0	0	0	165	455	0	627	0	4	0	0	27	0	4	41	0	0	1817	498	2	0	11	2246	3663	0	0	0	544	67	8300	0	2019	0	10	266	3	644	1486	0	9	4	0	1	1	10	0	0	9	0	53	33	0	0	1	1246	0	129	68	3	52	0	0	160	0	94	35	0	81	1	5	269	0	16	0	0	0	95	3013	13	0	0	7	1117	0	1299	0	12	4	0	0	0	2	0	2	0	1	0	2110	0	0	31	0	1	545	2	200	67	0	130	0	36	0	358	0	5	130	227	5	10	0	0	580	781	965	0	0	0	0	0	7	68	3	18838	0	0	0	259	91	0	20	396	0	340	0	391	0	315	0	14	1552	0	0	97	0	0	0	0	0	0	182	0	0	5	0	1	0
sp20	6	0	0	0	25	0	12	0	0	9	43	31	0	28	0	2	14	0	26	0	4	0	9	0	17	8	32	2	2	0	2	20	3	15	0	20	3	3	0	2	2	29	4	1	1	0	0	0	0	0	0	1	6	0	0	0	2	18	0	10	10	1	3	9	22	8	4	0	0	24	0	2	22	34	9	2	0	1	22	18	0	3	1	2	2	0	16	2	2	2	8	1	2	0	30	0	27	12	0	0	0	1	0	37	4	10	0	9	0	0	46	1	5	0	1	10	4	5	22	15	32	0	4	0	0	38	42	1	0	2	0	0	14	18	1	8	0	0	5	2	0	5	10	65	23	0	32	1	4	3	0	0	39	0	2	53	0	4	0	0	2	11	1	8	0	3	0	10	6	1	0	10	0	1	4	0	2	6	4	0	14	2	0	0	0	0	0	23	13	16	0	3	5	1	31	23	14	0	10	9	0	0	0	0	3	0	0	0	0	2	8	0	2	7	6	0	0	11	9	1	0	2	0	60	4	16	4	1	18	13	0	0	14	11	1	18	8	22	4	2	20	2	3	5	0	0	16	2	15	0	9	0	2	12	1	10	6	2	2	0	5	5	41	0	0	0	11	0	1	2	16	1	6	6	16	6	2	0	42	0	0	3	2	51	0	6	10	1	58
sp21	77	29	0	0	1	17	1138	1	20	0	462	9	25	301	33	1	1	12	0	0	112	5	133	0	0	6	19	46	203	1	29	36	4	14	5	186	24	221	113	9	18	1	182	309	0	95	51	0	3	30	11	3	0	73	8	2	65	0	2	11	6	5	2	4	0	560	1	0	2	51	0	14	422	0	69	0	10	0	3	0	144	39	32	0	0	3	1504	49	0	26	379	95	42	50	0	40	1	144	10	58	88	179	0	14	6	0	158	43	0	38	370	0	0	0	2	3	0	11	2	122	69	4	5	2	0	155	15	2	193	178	16	0	60	2	0	1	0	0	116	13	308	12	110	0	1	0	46	0	1	280	0	112	0	174	300	123	0	0	82	0	1	0	85	0	169	0	0	50	78	7	171	189	60	0	10	10	110	26	2	416	1	0	65	0	4	155	74	6	17	1	33	1	23	225	115	0	342	62	4	64	143	0	0	5	2	241	51	678	122	64	24	2	29	65	16	61	0	477	68	13	279	12	2	3	2	71	83	71	130	0	0	88	99	0	17	6	2	7	0	1	13	1	0	94	386	38	56	18	0	50	51	12	0	0	285	422	5	145	160	0	1	204	0	0	3	0	21	72	308	61	0	6	18	6	0	0	1	21	65	138	35	436	19	38	0	102	14	9	0
sp22	0	4	0	58	0	0	0	152	6	45	19	3	30	43	5	5	0	39	0	1	1	12	0	1	0	11	2	0	23	104	4	12	15	2	18	45	0	0	30	18	0	289	1	51	0	55	4	0	8	0	0	2	80	0	0	0	0	0	9	8	121	4	206	16	0	0	1	0	5	92	113	2	0	0	87	11	39	67	273	23	220	0	0	0	0	55	0	0	60	3	5	2	89	0	8	102	0	4	40	47	7	7	0	28	16	180	0	0	0	13	35	3	142	4	3	43	8	0	33	18	13	12	0	3	118	118	1	38	0	12	18	0	0	12	10	48	19	0	2	11	5	0	35	0	0	0	49	0	6	0	2	18	12	10	24	31	0	2	70	6	9	2	135	5	2	426	0	14	55	0	0	5	7	140	0	17	8	16	116	54	15	1	36	0	0	49	0	26	0	46	1	17	29	2	2	0	0	18	0	1	12	2	5	29	4	0	61	1	0	49	10	8	0	9	0	70	0	5	95	80	1	31	6	0	228	26	0	0	2	0	18	88	13	0	12	369	2	0	4	26	0	0	23	88	0	30	7	21	5	21	3	160	8	57	126	49	36	9	116	26	1	1	19	19	2	283	3	0	26	4	11	2	27	0	53	27	18	62	55	125	192	0	4	20	1	6	1	0	35
sp23	0	0	1	2	7	0	0	0	0	0	1	7	6	1	3	8	2	3	1	0	2	2	1	1	1	8	0	0	6	9	0	1	0	1	6	0	4	2	0	10	0	0	1	1	0	0	0	3	1	19	4	4	3	22	24	0	1	4	0	2	4	10	2	0	6	2	0	5	4	3	0	1	12	1	0	6	0	0	1	0	0	4	1	0	1	6	0	0	6	3	1	5	3	0	0	1	0	0	2	0	13	0	2	4	0	1	8	0	3	21	9	0	8	0	3	3	0	3	3	2	4	3	0	8	12	2	14	19	1	7	6	0	1	5	10	1	0	0	0	0	0	15	1	2	0	0	0	3	0	2	0	0	19	11	1	1	5	14	0	0	19	0	0	10	0	11	0	0	20	1	0	3	2	9	1	29	5	1	2	0	4	2	2	0	19	1	0	1	28	4	1	1	2	1	4	1	2	0	3	0	5	18	0	0	1	5	0	4	8	0	0	3	17	0	6	3	4	15	0	3	15	7	10	2	6	13	0	5	2	1	2	3	3	0	3	0	2	8	0	1	1	3	0	2	0	4	0	2	0	0	0	40	10	4	1	4	3	0	7	0	3	0	0	16	0	5	2	4	0	2	3	26	1	2	0	0	0	8	1	5	1	5	5	8	0	0	2	0	0
sp24	10	1	3	167	27	61	0	0	63	318	219	6	11	0	48	1	142	0	43	29	9	74	63	0	352	15	56	31	65	22	33	63	46	89	542	4	59	61	80	2	0	180	1	73	105	41	151	224	5	0	155	0	53	28	12	21	9	28	22	301	66	1	45	22	11	27	15	78	19	30	89	26	68	4	1	2	77	98	13	14	77	3	0	165	109	26	46	26	50	30	6	47	45	74	75	49	79	2	57	28	0	6	35	149	9	4	113	27	1	216	13	117	73	8	0	6	76	1	75	96	17	216	0	160	83	184	16	1	3	24	379	0	36	3	56	24	48	105	8	0	6	20	76	22	37	14	0	0	370	15	29	154	15	29	181	96	10	30	56	20	64	0	8	6	0	12	14	17	117	42	308	74	8	14	13	150	36	107	0	2	0	117	21	90	0	0	108	34	49	13	17	1	15	8	49	168	0	24	191	30	13	23	0	0	7	122	10	3	3	72	6	5	49	19	65	152	82	2	25	1	13	12	41	50	71	103	1	84	6	20	39	65	109	153	3	15	0	11	47	2	6	14	103	56	9	274	28	0	12	21	73	39	13	35	61	7	0	204	244	66	162	7	2	73	6	15	0	41	400	31	258	58	1	106	0	42	205	1	0	41	35	70	0	7	2	12	312	0	4
sp25	154	0	0	0	3	18	0	5	0	1	0	0	81	45	0	8	0	0	0	0	15	3	0	0	1	42	50	22	2	33	9	12	50	0	0	0	0	5	0	0	0	17	0	0	1	11	6	38	0	0	0	0	20	5	1	323	0	1	0	0	0	0	1	0	254	0	0	3	0	0	0	0	0	0	86	0	0	0	0	2	15	0	29	18	0	0	0	0	37	0	120	26	0	0	0	0	6	0	1	30	0	5	0	5	0	0	20	0	0	6	0	0	0	0	1	39	0	0	3	0	0	2	0	0	203	0	0	0	0	0	0	2	83	0	0	0	0	0	0	30	11	2	0	14	0	0	0	41	0	8	0	5	0	11	0	0	0	0	0	3	0	1	0	0	0	8	0	0	13	0	158	3	0	0	0	0	47	0	2	0	0	81	0	0	0	4	0	0	0	0	0	1	0	15	3	0	0	0	0	4	2	0	3	0	0	0	0	62	6	0	0	0	3	32	0	6	0	0	0	20	32	78	0	0	0	69	2	0	0	0	0	56	26	7	4	0	71	0	1	0	0	0	0	0	0	34	0	0	139	0	20	0	0	0	4	0	0	5	0	0	4	0	0	0	76	0	0	11	0	0	0	15	80	0	92	17	188	6	0	0	413	0	0	1	0	0	0	459	1
sp26	6	7	1	0	2	24	0	0	0	0	0	3	7	9	5	10	0	1	33	1	3	3	1	2	0	0	2	4	1	54	7	27	1	0	0	5	70	0	81	0	0	16	0	32	0	0	5	11	62	0	0	0	2	6	1	0	8	108	0	0	0	7	49	26	4	0	0	27	70	0	0	0	36	33	4	25	0	0	6	7	1	0	0	1	28	8	1	0	0	0	0	0	0	21	12	0	23	0	3	0	0	0	1	0	8	8	0	0	2	5	88	5	15	7	0	0	1	0	0	18	13	4	0	0	1	140	0	0	8	0	0	47	16	0	30	0	0	7	1	44	0	0	0	1	0	9	0	0	1	19	4	0	9	12	13	0	21	68	32	1	1	0	60	3	2	0	5	7	0	0	14	0	19	1	0	6	15	18	0	0	0	1	159	2	59	22	1	1	19	0	48	0	4	5	54	0	3	2	0	0	0	0	4	0	0	5	0	1	3	0	0	0	44	2	0	2	34	45	0	0	2	0	0	0	0	0	0	0	6	0	0	3	1	7	0	50	4	23	28	0	0	0	152	0	0	0	0	1	0	8	0	2	2	10	4	8	5	9	0	0	2	1	0	2	2	0	11	6	0	20	0	0	0	4	26	0	4	0	24	5	0	0	74	21	0	0	6	40	6
sp27	11	310	39	0	477	3	1032	18	96	220	0	0	450	0	0	0	369	0	16	0	4	30	96	177	3	31	0	7	5	30	3	0	979	8	170	14	0	125	336	1	18	0	0	160	26	373	44	0	47	281	71	276	216	0	731	0	9	107	988	335	139	0	23	37	1803	3	780	299	541	970	453	0	81	10	192	222	4	55	12	1	2	21	24	346	23	151	426	0	89	203	7	853	220	106	0	200	0	1	0	0	2440	0	95	208	7	0	1158	10	288	879	0	12	0	22	0	330	0	0	0	94	0	298	121	589	182	333	220	1	0	63	22	1376	10	1	5	33	349	4	49	96	703	25	565	22	0	318	0	397	48	1480	0	0	2869	17	1131	234	131	2	189	65	167	15	7	0	95	0	162	236	42	48	130	1	665	365	137	8	95	0	117	0	0	463	21	681	78	41	1590	76	302	10	642	0	16	83	0	101	39	61	0	0	413	130	129	0	553	1	4	41	1	61	2	0	0	1	0	523	0	418	801	32	0	20	11	0	23	362	249	695	31	2	1	300	62	198	5	1123	0	14	121	9	5	0	1	10	117	0	123	29	34	44	659	11	0	2	1202	0	12	832	0	1	141	0	0	4	1228	3403	3	0	16	0	1	0	143	110	171	0	84	588	9	0	76	0	0	373	25	82	3	39	404
sp28	1	3	8	0	5	13	0	28	2	3	18	31	0	1	3	18	0	3	39	43	37	0	2	0	168	18	13	0	1	2	0	0	0	3	0	0	0	1	1	5	5	2	1	12	20	1	6	0	11	2	17	0	0	15	0	20	1	11	1	5	20	3	2	6	0	10	8	39	2	38	0	3	0	0	3	0	13	52	20	2	6	4	0	4	2	38	77	1	3	0	2	10	0	9	3	8	11	66	0	47	73	73	1	0	12	28	0	21	42	0	10	0	0	4	9	0	4	50	14	9	0	0	9	2	46	13	12	30	0	0	0	3	24	3	0	47	1	9	18	7	0	17	2	9	2	0	4	0	31	0	13	29	5	0	63	1	0	28	6	145	54	0	3	8	2	10	10	0	10	10	0	1	3	6	24	7	17	0	0	7	115	3	6	5	32	63	9	8	8	0	1	0	38	12	13	0	1	14	14	0	15	14	9	21	0	33	38	10	4	2	0	0	12	3	0	1	0	4	49	0	9	30	8	0	0	75	0	4	0	32	2	16	20	7	2	16	9	18	1	11	0	1	20	77	0	4	0	15	0	0	4	37	45	16	10	0	0	4	20	1	6	9	1	1	0	28	11	0	25	0	19	9	12	43	0	70	11	0	16	0	0	11	12	11	88	0	18	12	5
sp29	13	8	0	9	48	15	1	9	3	3	0	30	5	5	0	0	41	0	1	25	12	0	0	4	8	22	1	4	0	11	2	0	5	0	0	2	8	19	0	0	0	0	0	0	0	0	11	1	0	0	1	3	42	0	0	2	0	0	0	0	1	28	1	0	6	0	7	5	19	0	3	0	2	0	33	0	7	0	0	0	18	0	0	1	3	5	0	0	26	37	10	0	37	4	4	0	11	1	1	0	3	0	0	1	0	30	1	0	0	19	0	0	0	1	0	0	18	0	0	1	12	12	1	0	4	5	10	0	0	1	0	64	2	0	1	0	0	11	6	0	0	0	0	0	0	0	0	1	0	0	0	0	0	45	2	3	1	1	0	1	0	0	18	9	9	4	15	1	0	5	8	4	2	0	0	0	0	0	0	1	0	2	5	8	0	9	56	15	0	1	0	0	30	8	23	0	1	1	9	8	7	2	5	9	1	11	0	12	0	0	4	0	1	0	1	0	5	4	8	0	3	3	1	4	5	0	3	2	17	8	0	34	4	0	0	9	1	4	0	2	0	17	0	0	1	0	3	0	41	7	2	2	0	0	0	0	7	4	3	3	1	0	0	11	0	11	0	0	0	39	0	0	0	5	0	19	0	1	0	0	0	0	0	5	1	3	0	6	0
sp30	138	8	5	118	0	12	9	14	98	33	0	8	10	16	25	48	49	41	2	0	0	0	2	0	127	0	0	117	0	28	9	0	17	1	29	10	5	15	45	36	175	25	43	2	1	2	309	2	2	11	8	47	25	89	43	0	4	23	134	8	288	14	58	0	1	0	2	33	1	69	0	103	2	10	8	84	25	110	56	0	8	11	58	2	20	2	32	2	8	25	9	40	7	3	12	68	1	2	70	17	3	2	41	2	8	8	21	1	5	1	12	6	32	34	14	30	47	1	0	17	76	92	16	12	44	77	7	1	131	128	126	3	211	6	34	0	27	40	17	22	47	8	0	124	126	0	12	93	2	60	1	40	15	189	13	57	112	9	0	24	45	38	68	11	15	0	122	180	9	4	19	17	39	61	17	10	9	12	82	34	21	17	45	49	0	74	24	24	24	15	2	78	60	107	126	9	0	32	0	27	60	1	64	0	126	42	0	60	2	11	1	4	44	65	0	2	44	27	0	11	0	219	40	237	3	115	39	6	40	39	124	5	1	195	2	17	8	114	148	37	0	7	3	16	0	165	30	1	50	40	0	5	0	5	35	0	13	32	3	0	4	0	1	34	43	18	132	30	12	1	1	9	23	18	0	11	5	38	2	143	29	11	6	6	71	17	0	34	1
sp31	3	1	11	3	1	1	0	1	1	12	19	1	1	1	2	7	10	8	26	7	0	21	1	2	2	27	1	1	1	1	1	0	1	5	0	2	2	2	7	4	0	0	1	4	0	4	0	2	9	2	1	0	0	2	6	0	1	0	1	0	0	1	0	6	0	1	3	20	0	1	3	19	0	10	0	1	0	3	1	0	4	10	9	3	0	5	19	1	0	1	0	0	0	0	12	0	1	4	0	0	2	5	20	12	2	10	5	0	1	4	3	2	0	0	1	11	1	0	0	17	0	3	5	0	5	2	9	6	8	1	0	1	0	3	1	3	0	2	0	4	1	0	6	6	2	2	4	7	4	1	4	1	0	4	0	4	0	4	0	8	3	0	4	2	1	1	3	5	0	0	0	26	3	0	1	7	4	3	1	2	5	0	0	0	1	0	0	8	1	4	1	8	1	0	5	0	0	0	1	0	3	0	3	8	3	4	11	0	1	9	11	0	2	0	1	0	0	0	0	3	15	0	3	0	2	6	0	7	1	4	15	0	16	0	11	13	0	0	0	0	4	0	1	3	5	1	0	1	6	4	0	0	6	18	1	10	9	0	0	7	20	7	1	7	0	0	2	1	2	0	2	0	0	3	0	0	5	5	1	0	1	0	3	2	2	0	1	0	7
sp32	24	9	5	0	63	0	5	8	11	22	7	3	10	29	3	2	0	10	58	8	5	6	13	13	44	5	24	5	3	29	177	3	0	1	184	3	0	20	2	74	76	13	142	11	3	4	1	0	18	0	19	19	0	37	3	0	188	1	4	0	1	3	13	9	3	37	1	202	0	6	17	12	165	28	4	273	5	26	0	36	19	7	0	0	22	7	0	6	0	37	0	0	24	2	58	15	317	5	2	6	86	40	6	1	0	33	34	8	0	21	382	1	1	0	21	30	5	2	4	43	1	61	25	1	8	0	1	5	49	0	1	0	173	214	8	71	248	1	10	0	32	4	0	8	11	23	26	7	2	1	0	26	8	0	117	0	134	0	166	5	11	0	0	32	0	7	0	27	1	48	0	45	0	1	24	4	0	3	1	11	79	64	13	34	70	0	0	98	0	0	2	7	8	18	2	35	4	0	29	14	20	0	8	4	1	51	4	0	137	21	0	157	14	1	0	80	0	6	6	114	2	0	2	2	11	56	1	12	3	0	5	16	129	0	7	0	1	23	35	12	0	325	76	66	644	2	0	12	74	0	10	18	90	13	0	4	33	1	2	45	0	9	66	81	5	18	42	12	109	1	4	0	0	3	7	72	7	3	3	1	10	7	7	55	88	112	0	0	89
sp33	0	45	0	0	13	1	381	2	24	2	0	17	0	6	0	1	12	6	59	19	265	56	221	21	58	21	2	20	59	0	56	0	5	195	3	50	116	101	62	2	0	484	113	12	44	0	0	0	25	209	13	0	9	78	35	0	33	92	8	0	3	0	64	16	131	1	22	0	57	0	1	121	6	5	5	58	33	0	272	0	221	61	0	2	1	141	36	2	97	255	5	475	4	97	2	102	10	0	42	302	0	1	236	112	0	10	0	72	0	2	44	1	0	12	103	30	1	49	45	2	556	3	0	29	132	0	125	67	0	23	7	2	26	57	0	8	0	0	0	15	0	51	51	5	3	0	0	19	129	0	141	0	0	0	914	0	0	98	18	11	1	2	0	3	59	0	53	1	0	1	0	0	1	0	0	93	0	0	2	10	0	3	0	0	0	27	0	0	0	157	0	62	0	21	1	24	0	27	24	1	43	0	576	76	0	36	1	0	0	0	40	464	109	131	0	0	0	1	0	1	0	0	47	2	32	25	0	50	4	2	149	0	272	53	93	9	57	0	15	0	138	152	1	26	0	46	1	147	0	5	0	7	0	0	8	108	13	0	128	168	4	18	136	57	24	11	34	3	195	5	26	0	0	0	201	0	7	0	0	0	40	99	0	273	0	0	0	0	0
sp34	21	3	4	0	26	0	0	1	0	30	16	2	11	0	6	1	0	1	35	0	0	189	149	16	14	3	0	14	0	0	0	269	5	5	6	32	42	32	0	7	51	14	0	11	60	0	2	6	163	0	1	4	2	60	0	0	2	4	0	11	1	45	22	94	1	179	120	18	16	3	371	3	92	3	30	11	6	16	9	5	167	0	0	73	48	0	8	69	64	11	84	8	0	54	33	10	117	17	0	32	19	0	15	17	0	3	3	80	15	0	0	0	0	90	179	3	0	313	0	24	80	5	95	92	190	7	2	37	207	81	1	0	0	64	55	55	46	6	2	1	325	12	0	33	3	3	51	22	0	0	13	17	4	12	8	0	45	21	0	39	0	3	2	2	5	2	0	11	21	170	132	17	20	29	0	0	0	9	12	6	11	36	1	1	78	4	51	1	6	0	0	194	0	0	171	1	0	0	71	7	7	8	90	85	12	47	1	0	1	31	7	1	129	7	0	0	0	8	13	4	145	159	0	1	8	11	191	85	18	7	2	0	42	1	0	32	38	0	5	11	7	0	57	13	1	5	1	16	0	34	0	48	155	16	78	43	0	0	3	12	0	19	8	104	1	4	2	0	19	8	217	2	0	0	26	33	58	1	17	167	0	15	403	2	0	43	2	0	6
sp35	1	0	2	1	23	0	0	11	3	9	9	27	15	11	1	0	3	3	3	0	5	1	7	34	4	1	2	1	12	7	0	6	0	0	0	1	19	4	0	2	27	10	0	37	9	1	19	2	0	1	7	1	3	0	6	1	52	0	1	12	1	0	1	5	7	0	1	2	0	4	3	4	1	8	7	12	0	9	0	1	10	0	32	0	4	1	7	4	73	9	0	1	12	10	1	23	1	0	1	1	26	8	31	25	16	6	5	2	7	1	13	12	29	7	0	0	0	0	67	1	0	0	1	5	5	1	0	0	1	2	0	0	8	8	0	6	0	2	89	0	4	6	0	0	16	0	31	2	1	1	7	6	11	2	0	1	0	0	7	0	1	0	2	0	5	2	0	3	3	14	9	1	22	3	6	38	2	0	7	24	0	7	7	7	0	2	2	0	1	2	28	13	0	2	2	3	3	19	1	0	0	1	17	17	0	12	3	0	0	13	35	3	4	19	0	0	0	0	13	1	3	3	5	2	0	1	0	12	1	18	6	5	3	7	40	0	11	36	5	0	6	1	1	8	10	3	15	2	0	0	5	2	4	4	8	5	3	7	2	11	3	0	1	65	4	6	34	18	0	2	0	0	2	5	0	5	1	3	1	31	0	1	17	5	6	0	0	6	3
sp36	0	12	47	0	1	0	0	3	0	16	6	32	36	156	50	25	21	151	101	4	128	1	0	33	3	0	50	20	7	1	24	10	0	5	5	4	0	0	24	1	126	0	285	25	7	3	1	0	1	1	29	0	13	34	6	6	7	6	0	0	0	0	7	109	0	18	4	1	0	82	1	14	122	0	34	0	18	10	0	26	12	0	0	28	98	5	2	0	53	0	0	13	0	63	0	0	4	27	0	0	0	13	9	6	25	1	436	35	9	23	11	0	3	101	2	14	0	27	5	16	5	0	1	4	40	0	0	0	0	58	63	1	1	57	1	18	0	14	0	85	1	0	8	11	11	11	74	58	125	0	2	9	0	0	24	0	27	16	53	0	2	8	0	0	65	40	4	11	38	20	4	0	0	0	0	0	29	108	49	13	91	268	1	0	0	23	67	62	24	69	44	0	48	48	34	0	5	3	2	17	23	55	31	74	25	0	0	0	16	0	9	2	81	35	75	3	0	1	1	24	0	213	0	20	117	28	3	115	3	0	46	51	15	2	23	20	117	0	1	6	108	1	10	6	4	0	0	42	5	28	1	8	43	1	0	1	0	0	23	47	101	5	39	35	4	0	0	75	192	43	47	0	0	18	0	7	0	35	4	0	2	0	6	34	7	14	20	0	36
sp37	0	2	8	1	1	16	7	1	6	0	3	3	3	7	11	3	0	0	1	0	0	0	0	16	0	10	11	3	9	1	7	0	0	10	9	15	0	1	6	4	1	15	1	2	21	0	0	1	0	0	6	14	3	8	18	1	1	1	0	0	4	4	0	8	4	14	4	5	1	11	0	0	3	0	1	3	5	1	3	0	2	0	6	2	0	0	0	1	5	24	3	1	1	4	3	15	7	3	2	0	6	11	1	5	2	3	6	11	24	1	1	7	10	1	0	15	0	7	5	11	20	0	0	2	2	15	5	0	1	1	0	3	7	2	0	0	0	14	6	3	9	1	2	11	0	20	2	0	0	0	19	27	3	11	1	2	3	9	2	34	2	12	8	4	1	0	3	9	2	4	9	0	29	0	0	31	1	0	15	0	1	2	0	0	2	2	5	4	0	22	6	0	1	2	10	2	17	0	3	0	1	0	0	0	3	0	1	0	0	5	0	7	0	0	8	18	1	0	2	3	13	12	4	9	0	0	6	0	4	1	3	1	0	10	0	0	4	0	4	0	0	15	7	1	4	4	6	2	1	2	1	4	6	24	1	1	18	5	0	1	0	3	21	2	0	5	0	14	10	0	12	0	4	2	1	11	0	4	0	0	6	4	4	2	1	7	4	15	0
sp38	7	0	0	16	15	0	95	16	0	0	0	22	44	0	29	0	3	0	0	0	0	0	4	40	1	0	0	2	0	23	0	0	57	9	0	2	1	3	0	0	2	1	17	0	0	2	0	46	15	0	1	0	0	0	2	51	0	1	8	4	0	35	0	0	1	0	26	0	71	46	0	0	0	1	0	3	0	0	0	11	12	16	1	2	1	8	0	3	38	0	6	3	148	74	2	49	7	9	4	26	1	15	0	0	0	1	23	38	0	25	19	37	34	0	1	15	148	0	29	3	11	19	0	1	50	5	2	0	0	5	0	26	1	1	45	70	6	7	4	6	0	0	0	0	31	0	20	36	43	39	10	0	0	6	22	11	6	5	7	16	5	54	14	24	11	0	10	33	0	0	23	28	14	2	0	6	2	6	0	5	2	8	0	0	12	0	53	34	58	0	18	19	6	29	0	1	13	3	3	0	3	0	0	14	1	1	4	12	88	0	0	0	1	61	0	0	1	0	0	3	3	26	0	19	0	2	4	11	0	122	12	4	15	0	1	0	0	9	3	0	0	0	1	15	1	40	49	0	8	0	5	1	6	2	0	0	12	10	6	0	0	3	0	0	6	8	0	12	5	0	0	2	25	0	8	0	0	0	2	6	33	10	51	0	0	0	0	23	27
sp39	0	21	4	14	2	2	3	1	0	9	0	5	33	0	2	28	3	0	4	3	3	2	6	19	1	3	26	35	3	6	2	5	14	39	1	1	11	14	1	2	6	60	35	2	12	15	7	2	1	1	9	11	11	33	0	52	14	2	26	6	9	12	3	1	6	0	4	6	10	20	19	0	6	15	10	34	2	4	12	6	11	41	4	32	4	0	29	36	1	6	29	8	0	1	18	16	5	0	1	10	2	9	10	13	16	4	27	5	13	17	3	5	3	0	6	4	29	1	2	23	5	18	21	3	0	7	0	5	5	46	0	0	13	2	6	3	6	9	14	0	0	12	13	0	27	10	5	4	6	5	2	3	5	30	0	3	24	22	32	2	12	1	12	7	13	33	17	9	7	1	19	49	2	27	0	2	2	2	9	2	14	3	8	8	2	5	15	0	4	6	5	3	1	15	8	12	11	2	13	0	1	1	1	9	1	0	0	6	18	2	5	13	1	0	4	4	1	15	34	21	0	16	9	0	7	1	0	5	12	4	25	11	16	1	8	11	21	0	6	33	22	13	2	5	2	20	23	2	13	5	3	4	6	6	32	12	14	0	3	1	15	0	3	8	10	4	23	15	4	13	25	3	1	9	22	10	0	17	0	8	4	7	6	12	3	8	1	0	6
sp40	10	41	143	3	4	39	224	9	18	71	5	1	0	0	15	104	68	28	184	3	271	158	30	20	7	23	142	94	15	0	32	130	15	36	168	25	1	9	53	16	293	0	1	50	64	54	32	166	2	2	87	280	101	21	125	60	2	6	0	447	26	61	28	6	103	43	12	0	10	104	27	5	46	50	115	30	367	7	223	48	1	44	19	47	19	3	165	17	0	0	70	1	66	4	28	11	10	1	3	12	122	95	0	50	85	0	28	0	49	48	10	172	63	56	23	3	56	0	188	1	7	200	4	15	56	10	21	6	2	42	24	196	106	90	10	37	3	130	31	51	44	14	105	60	0	12	636	40	3	37	1	87	8	27	92	0	106	206	131	2	94	14	24	22	80	23	23	33	1	0	3	77	1	30	97	165	11	1	80	0	114	22	20	12	47	12	32	142	1	62	9	474	61	1	172	23	1	95	10	8	19	50	664	348	32	184	33	10	130	6	0	148	70	39	0	7	35	4	42	0	91	0	0	0	124	58	1	2	2	7	296	19	8	311	26	70	6	46	0	0	0	12	1	8	169	43	300	2	3	21	2	38	51	2	0	4	37	13	76	12	7	27	81	1	0	0	24	139	8	3	92	170	7	0	5	90	20	91	1	107	20	16	119	56	0	232	37	174	55
sp41	131	98	62	3	36	0	130	85	0	141	0	54	104	0	1	26	287	15	0	67	0	12	0	0	3	14	4	1	17	62	1566	392	30	126	31	571	8	265	0	0	0	0	30	680	18	0	1	69	55	1	20	0	1	0	4	251	0	65	0	360	9	3	45	73	95	298	0	457	298	10	0	183	19	10	0	2	0	0	60	0	746	0	217	36	0	76	100	0	0	259	0	0	52	237	14	0	11	30	1	4	35	0	3	0	5	0	135	223	260	147	15	112	0	184	498	0	57	0	804	0	81	73	41	3	1	28	586	2	41	107	24	1	16	699	0	1	297	225	543	190	54	36	182	21	143	0	251	2	20	0	3	0	263	0	23	557	328	0	189	273	1370	9	518	0	17	7	499	32	3	36	133	0	402	75	287	47	9	1	101	0	124	970	52	197	77	3	8	0	125	0	287	0	140	232	342	53	5	1597	53	0	88	8	8	0	3	2	61	19	2	150	113	61	238	7	307	185	4	9	36	2	331	36	48	0	119	2	135	5	478	44	201	3	381	1	2	88	9	7	748	23	0	0	0	11	84	256	77	35	159	68	1	176	57	50	133	0	134	9	6	43	2	0	7	30	171	0	190	46	0	199	0	0	256	5	710	33	0	31	0	0	33	0	16	0	92	11	192	0	86
sp42	0	0	10	119	50	16	153	31	127	0	4	14	7	6	0	145	6	137	19	0	22	0	4	84	33	1	39	94	85	9	19	9	17	13	2	11	37	36	71	71	60	4	12	0	26	17	24	4	11	142	1	32	0	49	33	92	18	0	6	28	27	30	74	0	22	7	0	8	0	0	102	104	68	7	15	0	0	2	4	7	15	19	2	141	0	0	45	48	32	14	4	5	0	33	112	16	27	0	1	1	0	1	34	4	2	1	10	95	14	15	235	1	0	2	0	7	3	5	15	0	0	8	33	75	7	15	6	0	1	9	27	0	18	22	1	21	11	1	0	15	16	0	22	7	0	32	51	26	13	0	10	0	0	4	1	2	11	66	18	5	4	17	10	0	1	8	11	0	81	31	5	2	6	47	9	199	0	0	139	1	0	13	150	4	42	2	9	131	26	0	2	1	26	14	68	5	0	0	37	2	20	0	0	4	9	0	36	45	1	174	85	25	7	0	7	1	11	23	17	17	11	0	1	29	0	23	26	9	4	88	2	0	2	0	0	130	0	143	0	1	2	0	36	0	0	82	28	0	4	32	14	9	1	46	4	0	4	2	23	82	0	0	22	4	73	148	0	13	121	131	0	123	2	3	15	17	122	2	43	16	24	0	69	65	127	33	20	19	31
sp43	25	1	86	7	13	0	8	34	5	2	4	9	0	1	0	1	52	15	25	103	11	2	36	14	29	20	44	0	90	37	15	6	40	56	26	65	1	17	1	13	106	25	41	140	56	45	20	12	269	20	79	10	1	10	13	113	24	0	78	0	7	1	4	40	159	19	26	0	10	47	1	42	26	51	34	101	17	16	75	15	16	0	0	73	4	181	3	7	4	118	3	0	204	5	32	2	3	150	4	62	0	21	17	35	37	57	12	1	12	49	22	49	0	9	57	71	0	77	1	7	0	4	68	26	2	6	3	20	35	3	24	0	141	67	0	28	16	54	3	0	76	19	57	103	7	1	124	2	15	1	2	18	111	28	11	3	1	154	40	4	1	116	3	1	29	6	2	9	81	119	54	111	18	48	7	0	3	3	3	49	6	6	63	1	3	0	10	118	19	75	99	51	0	15	3	1	0	153	94	217	29	17	7	0	45	126	13	16	17	4	7	30	7	17	15	30	33	13	27	11	9	4	40	20	0	4	5	12	11	12	66	0	1	2	32	52	190	2	7	4	148	16	2	9	3	10	0	36	40	30	1	24	0	17	1	43	44	0	12	13	98	28	6	6	4	47	3	26	193	26	77	57	9	51	15	73	0	47	16	89	1	246	219	34	41	1	40	3	14
sp44	4	11	3	5	1	7	7	4	7	2	6	8	9	10	5	18	9	6	2	3	13	5	6	1	5	1	0	6	12	6	4	6	2	15	7	13	4	14	8	19	2	3	7	5	1	9	7	8	12	10	5	9	3	4	1	9	5	6	6	6	5	9	2	10	7	10	14	4	9	13	13	10	7	13	6	12	4	1	9	2	17	5	6	13	6	2	15	11	6	16	2	2	9	7	5	4	10	7	4	9	5	12	2	4	10	4	15	20	7	10	1	13	6	3	3	5	8	8	1	13	14	3	15	14	12	2	7	4	16	3	13	6	9	4	1	2	3	7	2	3	3	0	6	3	25	3	10	9	6	2	5	8	6	10	12	13	2	13	3	12	11	11	1	15	1	7	3	4	1	8	2	4	4	6	2	2	12	14	18	5	2	8	6	5	20	2	7	5	3	5	7	6	7	3	2	6	9	7	4	6	14	6	4	6	16	6	3	3	11	6	10	15	11	3	0	23	26	4	8	2	3	8	3	3	14	4	2	2	14	6	4	10	7	5	8	5	3	12	11	10	4	7	5	15	0	1	4	10	6	2	5	9	10	11	3	9	7	7	6	5	13	7	3	6	6	5	9	7	5	12	10	11	14	6	5	10	29	9	1	5	13	4	7	12	2	16	8	15	8
sp45	110	25	19	6	65	52	0	45	44	51	10	0	186	188	71	0	16	1	0	4	43	6	5	7	23	10	3	0	54	3	13	20	295	25	0	110	5	4	11	0	14	39	163	0	7	0	23	25	0	0	16	2	115	81	0	0	2	31	9	9	174	1	2	5	69	242	14	0	19	119	0	4	11	2	0	31	27	21	4	29	77	5	70	9	0	8	24	184	7	0	267	60	93	42	70	74	0	0	76	5	58	0	43	0	157	0	48	0	2	1	58	0	5	4	0	24	0	0	0	0	0	66	0	303	7	6	0	0	9	1	223	205	112	0	12	0	2	0	49	34	17	0	1	1	155	209	52	0	32	22	14	0	20	46	2	16	20	11	0	94	87	22	6	12	6	2	11	3	0	0	0	1	7	60	1	3	43	0	0	0	58	3	0	47	7	1	60	0	53	0	14	6	2	9	2	6	1	0	0	8	0	149	1	1	1	15	28	65	6	14	34	3	1	0	6	1	12	34	0	15	16	23	11	2	22	0	14	0	2	157	60	0	3	49	18	18	11	67	8	1	0	0	8	2	103	0	0	9	83	44	0	58	1	23	2	31	171	3	143	1	71	0	21	0	48	15	4	0	38	68	1	50	42	4	3	0	59	136	0	11	0	2	29	68	61	2	0	5	4
sp46	7	9	4	11	2	7	12	4	14	5	8	3	10	1	7	7	5	2	5	4	8	3	9	8	3	15	5	9	2	12	10	5	6	10	1	10	15	6	3	13	15	3	4	1	0	2	2	5	6	4	14	6	2	9	5	0	2	4	9	8	10	4	2	1	5	3	3	5	5	6	7	0	9	4	2	10	1	13	1	3	8	8	0	13	2	4	8	6	8	2	4	3	12	6	2	3	3	7	4	4	4	16	10	4	2	3	5	2	5	2	2	5	11	5	5	4	5	10	10	4	14	8	7	5	3	1	3	5	1	2	1	10	5	12	2	3	6	0	4	7	7	2	17	7	6	1	1	3	3	0	8	15	8	3	0	3	3	4	4	4	1	13	0	7	8	4	2	18	6	4	8	1	4	22	0	4	6	14	1	0	15	22	6	4	3	10	3	4	15	3	0	3	9	10	3	1	2	11	3	4	6	5	4	2	5	9	12	1	4	16	3	3	13	9	9	6	7	9	8	6	5	0	5	7	5	3	8	4	10	2	9	3	5	0	2	5	3	1	9	8	5	8	5	6	6	6	9	2	0	2	7	7	5	0	2	4	10	9	9	7	15	2	3	2	1	3	10	12	3	1	3	5	1	7	3	5	5	8	11	5	3	3	4	6	10	1	9	8	3
sp47	2	1	0	0	0	4	13	6	12	0	0	10	2	0	3	0	1	2	2	7	0	27	0	4	0	1	1	0	4	0	4	0	0	0	4	0	7	0	13	2	0	3	0	6	0	2	4	0	0	0	1	1	5	5	0	1	2	0	0	0	0	0	0	2	10	3	2	16	0	11	1	0	5	8	2	0	0	0	0	0	8	0	0	3	5	0	11	1	1	0	5	1	0	0	0	8	0	0	13	1	0	5	3	13	0	6	0	1	1	3	0	1	10	0	1	6	14	7	0	0	3	12	4	1	1	13	0	2	4	0	3	1	4	7	4	1	1	0	2	4	3	2	30	0	0	0	10	0	0	14	3	0	0	0	4	1	2	14	4	1	1	5	3	0	6	4	3	0	2	0	0	3	0	2	1	0	0	2	5	3	26	0	1	7	4	0	5	2	7	0	9	2	3	3	0	1	4	3	0	0	0	4	1	1	1	2	1	6	0	0	4	2	3	1	2	8	0	1	2	0	3	3	0	16	14	8	0	1	2	1	2	4	0	0	1	3	8	2	0	0	2	0	0	3	0	1	0	0	4	0	0	0	0	3	2	1	7	4	2	5	0	13	11	12	25	1	6	4	1	0	8	7	1	9	0	10	4	3	0	0	0	3	1	0	36	8	1	3	0
sp48	42	2	0	21	0	29	2	54	10	3	19	308	0	8	7	24	16	0	8	1	2	0	151	0	17	4	3	0	9	0	32	0	3	60	1	20	6	0	0	4	2	0	6	0	20	14	3	4	0	32	0	0	1	50	2	3	2	0	1	16	4	0	31	3	0	2	53	8	3	5	98	77	28	0	12	41	58	31	0	39	29	3	0	3	66	9	21	55	22	0	0	14	0	7	0	0	26	2	28	0	37	5	0	39	0	41	2	4	0	131	19	64	44	2	21	1	0	0	1	0	1	27	0	0	0	26	0	19	9	0	8	0	15	6	3	21	7	6	59	47	0	0	1	54	27	18	11	1	0	93	1	1	47	34	4	5	12	3	2	2	21	0	4	1	1	0	9	0	0	7	56	15	103	0	0	1	3	39	21	1	8	0	2	0	1	17	7	0	6	0	5	0	0	25	9	0	0	1	113	3	8	10	23	3	19	0	23	3	2	8	1	66	48	2	17	4	5	1	98	0	0	2	74	1	21	7	22	8	7	41	6	2	35	46	2	44	5	0	3	0	1	70	10	0	6	0	1	26	0	4	1	16	1	10	4	18	84	15	0	27	0	6	76	19	10	59	4	1	1	0	0	22	53	67	70	0	0	5	5	6	5	3	11	23	1	26	8	30	7
sp49	9	25	5	1	2	3	15	193	104	129	1	49	56	28	0	0	346	60	348	0	6	118	1	65	41	169	64	50	22	19	2	25	2	174	0	31	46	316	49	102	56	37	63	13	20	50	165	1	44	5	6	0	24	123	62	4	17	44	62	112	3	11	165	114	0	31	6	64	5	4	3	116	96	0	2	2	32	3	6	19	27	17	208	31	8	1	46	93	233	105	0	86	71	46	125	60	2	222	94	97	78	161	1	2	32	27	10	9	11	10	0	192	193	0	0	20	11	136	9	59	13	72	32	120	21	1	47	58	5	73	130	283	4	1	9	19	53	154	102	4	19	75	5	1	1	66	26	1	113	54	11	1	429	119	22	5	23	25	44	1	8	93	133	16	14	12	5	0	109	0	0	12	0	1	6	30	82	0	77	36	144	230	192	25	30	0	49	80	141	9	3	16	22	18	38	31	40	266	156	65	164	32	27	52	36	421	116	56	431	128	1	41	87	6	9	35	10	27	5	45	1	18	16	22	2	7	271	22	0	140	1	18	8	87	100	3	261	0	7	39	38	176	335	2	0	39	50	0	323	10	0	12	98	100	185	120	45	111	38	53	6	72	25	6	250	3	160	21	38	8	9	14	0	2	614	84	4	5	47	4	29	4	2	24	1	215	111	69	31
sp50	1	77	0	20	358	0	4	66	35	100	4	101	18	5	44	0	0	77	6	63	0	81	3	13	53	0	6	59	83	24	273	0	44	347	7	58	4	0	0	7	0	1	100	33	15	6	25	154	24	0	12	129	0	92	275	0	20	85	6	11	1	0	0	15	9	11	0	0	8	2	15	4	19	131	3	132	24	10	1	0	11	0	35	39	1	19	326	219	0	0	17	13	0	411	12	214	109	212	69	3	0	30	4	14	78	129	21	41	13	71	1	44	3	10	91	0	5	25	1	13	0	27	0	1	72	19	113	245	0	0	0	525	66	0	1	175	113	1	0	68	2	30	26	0	26	34	41	14	40	0	0	3	53	11	0	30	100	150	56	0	4	14	3	0	0	8	0	0	0	6	38	0	35	54	508	0	0	9	5	4	14	0	114	0	0	165	3	40	15	92	53	2	236	0	7	15	14	0	0	79	23	71	0	33	81	55	0	19	3	5	2	9	0	24	0	0	6	7	128	0	25	350	130	66	77	246	131	4	22	0	2	1	0	2	202	0	0	43	26	0	0	140	4	0	1	298	100	7	134	52	213	10	13	4	202	13	31	37	0	13	0	23	1	13	1	6	45	2	0	264	15	66	0	23	36	28	79	313	3	135	46	0	8	188	0	0	28	11	0
sp51	1	0	3	3	2	0	5	2	3	1	3	0	0	1	5	0	0	1	2	0	3	1	7	0	1	4	2	1	0	4	1	0	1	0	3	3	2	0	2	3	0	2	4	6	3	2	1	1	0	3	3	2	2	2	5	0	0	2	2	0	0	1	4	7	1	2	2	1	1	1	2	1	2	2	3	2	1	3	1	1	4	8	4	0	1	0	0	2	2	2	6	1	0	3	1	2	6	0	1	2	0	3	0	0	1	2	4	0	3	0	1	2	2	8	1	0	2	1	4	3	1	3	3	1	2	1	1	3	1	0	4	0	3	1	4	6	0	5	2	0	1	2	2	1	3	0	0	1	1	1	0	0	5	1	0	0	2	1	2	2	0	2	3	1	3	0	6	1	1	6	1	1	2	0	2	1	3	1	1	1	2	1	0	2	3	1	3	1	1	1	1	3	1	0	0	0	0	3	4	1	3	0	0	1	0	7	1	6	1	1	4	1	1	1	2	3	0	1	3	6	1	6	1	1	5	3	0	1	4	3	3	0	2	0	1	2	1	4	2	3	5	0	0	0	0	4	0	0	1	5	1	5	0	1	1	2	0	1	0	0	4	0	8	1	0	0	0	1	0	0	0	5	0	1	2	6	2	4	1	0	2	1	1	5	1	4	5	2	7
sp52	1	0	9	55	89	0	0	0	7	8	200	16	0	0	0	33	1	0	1	0	1	63	155	1	5	1	0	8	2	31	1	83	15	1	21	0	0	0	6	2	2	12	0	44	0	0	0	0	1	8	225	0	52	10	3	0	64	60	36	0	15	0	372	0	0	0	7	0	0	14	2	0	3	0	0	0	12	0	0	18	0	3	0	1	0	0	16	2	2	6	3	2	2	5	194	3	97	97	0	8	9	41	91	25	4	173	1	19	2	0	42	21	0	1	0	3	0	38	86	0	0	0	0	0	0	4	30	60	12	1	0	259	0	2	3	0	2	0	27	0	9	20	96	3	31	12	38	31	2	47	7	3	3	3	78	0	0	133	37	4	0	2	4	0	58	17	131	0	60	1	2	1	31	1	5	0	0	46	84	0	75	0	12	113	5	0	0	150	0	0	0	0	0	0	81	48	169	7	4	6	67	57	0	9	159	0	14	0	32	19	12	229	66	149	0	14	4	0	0	7	0	24	15	7	7	4	0	12	141	2	27	0	89	23	60	0	14	0	16	84	0	0	11	0	63	1	0	0	1	11	0	190	43	6	1	1	47	31	0	0	88	19	0	1	3	1	0	177	161	0	1	55	58	0	0	18	0	8	179	0	0	1	344	31	16	25	19	0	0
sp53	0	9	36	2	0	17	9	0	0	3	14	12	0	4	22	0	96	18	75	14	1	123	63	1	12	4	1	9	3	47	75	13	0	36	33	18	8	3	10	9	15	3	17	1	92	78	15	2	22	29	0	10	3	94	2	10	1	18	11	24	15	20	27	5	2	31	46	3	1	1	121	5	35	7	36	0	4	26	8	1	2	15	13	0	4	41	12	3	3	16	20	35	22	1	6	20	49	19	0	18	35	69	96	12	7	15	0	6	76	5	78	3	6	23	2	15	26	8	11	0	19	2	38	2	40	16	10	3	3	19	0	2	1	5	65	14	3	0	40	0	4	0	10	4	5	2	7	17	39	1	16	5	13	8	7	18	0	23	17	9	49	13	4	7	0	13	0	4	0	35	0	8	49	3	2	0	0	30	1	4	1	6	2	8	2	6	26	43	33	4	19	1	0	21	21	12	0	2	8	13	4	23	5	3	29	23	6	89	11	29	20	41	59	0	48	3	0	3	1	2	32	41	1	4	9	13	3	3	48	0	11	6	0	11	82	0	63	8	26	12	15	19	48	1	15	5	8	0	7	12	2	2	11	0	12	3	7	18	35	3	1	27	8	12	4	14	25	40	11	58	14	3	97	0	18	55	0	7	0	0	6	9	30	9	23	0	25	18	90
sp54	1076	2100	282	205	765	1492	373	1720	1268	661	203	897	431	593	1142	900	598	2496	1338	964	2389	123	1586	1534	72	984	489	2367	1075	283	306	2396	1948	822	2129	1494	4029	286	1718	335	949	1571	1087	352	1061	268	3251	439	954	422	1273	1320	706	10	1907	1925	940	241	653	897	563	396	472	928	339	512	143	2633	897	1482	154	190	136	3385	2690	517	1350	1114	527	2287	763	1429	415	384	681	283	2494	1202	1041	991	158	1810	1359	55	845	1119	1361	1219	1540	1884	3398	849	380	1072	816	351	504	1768	1223	501	3116	1726	76	915	491	2340	2427	378	490	471	245	1197	924	4042	4756	1532	1221	1676	959	331	1177	280	1106	173	1439	654	327	1372	1239	2127	262	627	749	642	487	538	1417	881	3609	837	5082	1145	621	147	602	910	1404	1917	1115	934	10	563	79	633	220	204	1400	2313	351	485	686	133	1390	847	1883	94	592	2483	1619	225	366	905	300	1288	856	1620	1232	2414	410	165	319	263	1664	209	1183	112	1137	418	1756	517	392	1627	207	78	1719	2279	1676	504	1803	2585	655	760	1330	302	2996	162	1408	586	755	1346	729	645	1752	1127	1201	1791	2379	1921	1109	405	1361	437	1308	639	1504	1954	516	1079	1329	1760	1032	1171	81	504	1745	327	567	318	1143	142	61	2710	106	1199	1934	2847	1552	618	329	598	803	1751	512	1237	1488	455	926	203	127	718	1125	913	999	482	624	949	3	300	141	2802	2702	1539	2104	765	490	1329	1672	143	785
sp55	39	19	0	159	0	0	15	5	1	0	0	24	382	7	1	14	1	7	5	0	12	14	92	29	0	109	52	21	71	1	77	161	39	113	22	0	1	35	18	0	4	0	27	1	2	27	73	1	11	0	2	0	8	22	20	0	24	22	86	179	4	65	131	3	133	3	19	0	0	8	0	21	3	2	5	70	6	2	7	11	3	2	0	0	1	1	21	3	2	0	2	3	0	33	0	7	17	1	0	32	0	21	0	3	2	108	2	2	0	33	8	89	5	157	164	39	7	36	1	0	0	4	0	3	111	12	87	19	1	0	36	0	41	1	0	1	15	2	36	3	26	40	12	48	2	64	0	1	15	4	3	22	0	6	0	0	0	0	1	17	0	19	61	37	0	4	48	1	4	14	0	12	42	14	5	83	1	0	1	0	0	68	0	14	8	3	0	158	0	0	63	76	1	15	1	0	5	1	1	1	4	0	0	14	0	2	14	2	51	0	20	0	0	64	7	22	7	0	7	0	11	20	11	23	18	10	15	0	16	25	1	73	3	14	0	158	233	0	86	6	4	0	36	65	3	0	7	0	35	0	53	0	20	0	54	50	0	0	4	0	33	2	0	7	13	0	78	0	3	81	2	20	37	27	0	68	0	10	0	0	0	0	0	10	2	86	0	14	0
sp56	128	6	3	22	13	4	1	0	0	3	0	6	4	161	0	3	44	183	0	46	28	0	0	0	22	25	0	0	18	11	0	0	2	0	4	11	3	0	13	2	1	0	13	4	0	0	7	178	0	0	36	22	0	11	19	6	0	100	25	3	94	25	4	0	1	0	5	16	3	3	0	2	220	21	113	0	61	11	7	15	296	8	109	145	44	6	26	2	2	2	0	5	40	13	1	0	0	1	196	0	64	15	110	0	3	0	7	17	44	5	0	82	0	0	5	15	29	10	33	0	4	163	0	135	15	1	53	1	0	15	20	0	21	0	85	0	2	4	5	29	0	69	0	3	0	162	4	36	57	209	0	2	98	24	0	0	0	0	0	223	0	38	104	0	28	12	0	0	0	0	51	3	7	0	0	1	0	0	52	0	0	0	0	34	0	53	12	2	241	36	0	0	0	0	0	59	8	55	1	0	47	0	0	39	0	2	5	2	0	58	2	72	0	0	0	72	3	47	3	6	37	33	9	36	1	0	0	42	10	4	3	22	0	0	0	71	0	0	0	7	2	1	14	0	142	24	2	2	20	14	46	1	111	0	0	2	0	0	0	0	0	42	0	0	31	4	324	0	0	0	3	0	0	0	0	25	13	1	0	28	16	6	28	42	1	0	6	188	23
sp57	2	0	1	15	3	4	1	0	5	7	0	1	16	9	1	1	11	2	0	9	13	1	7	0	1	0	8	1	0	11	9	0	3	3	12	5	5	4	44	7	0	0	0	2	6	18	12	25	5	1	0	0	9	6	1	12	3	4	0	20	1	3	15	2	17	1	2	0	6	6	0	2	0	0	3	3	3	22	1	1	2	20	3	1	12	4	1	8	4	20	15	7	18	3	1	9	0	4	19	0	5	17	6	3	0	0	21	3	9	9	0	6	0	3	11	1	6	0	0	25	4	6	9	4	6	5	7	2	0	0	41	6	6	6	0	4	5	8	12	4	17	0	4	20	8	14	2	1	3	2	4	0	5	12	11	24	26	15	3	0	4	4	26	2	30	9	8	6	4	4	2	1	5	16	2	0	4	0	3	2	2	16	5	23	1	9	30	3	8	0	1	0	4	10	0	1	14	0	10	1	0	1	11	23	0	3	26	1	0	2	6	5	2	5	27	6	10	0	12	6	3	13	6	34	0	19	0	0	3	3	4	1	19	10	13	2	0	0	1	13	0	1	3	0	9	3	3	0	5	3	1	0	3	14	6	7	16	1	8	0	0	2	0	9	0	4	20	4	3	13	4	2	3	5	20	11	25	0	4	37	15	13	6	6	4	2	0	10	0
sp58	1	0	0	1	1	2	16	21	0	5	6	0	13	1	0	0	0	22	0	0	3	3	0	0	2	3	14	0	0	14	0	14	4	18	7	0	3	0	2	2	2	0	0	8	1	0	21	6	14	1	2	6	3	0	39	0	8	2	5	6	0	0	0	1	0	1	14	8	0	17	2	5	3	2	6	0	1	24	1	0	5	8	0	0	1	1	0	0	1	1	5	38	0	41	0	5	16	1	6	0	0	0	2	0	3	6	0	17	0	1	3	0	8	0	14	0	2	0	4	14	0	0	3	1	0	1	2	0	0	5	0	1	0	0	0	0	8	6	1	2	8	0	8	0	0	4	1	2	2	0	0	1	19	19	2	0	0	2	6	13	7	0	0	45	10	9	3	3	2	1	0	9	16	0	0	0	3	0	0	0	0	1	1	8	4	15	13	1	0	1	9	0	0	0	4	6	4	10	5	0	0	12	0	0	0	0	1	0	3	14	1	3	13	22	4	0	12	13	0	0	0	0	0	0	6	4	5	0	5	0	3	0	1	1	14	7	10	7	0	5	1	11	0	14	0	16	0	7	5	6	5	0	2	1	0	0	16	0	15	30	1	18	0	1	4	0	0	2	0	0	2	7	5	0	0	1	2	0	0	11	3	0	3	8	15	1	0	0	8
sp59	228	821	273	227	0	34	46	279	1920	151	317	248	66	15	44	267	54	16	90	107	34	127	277	4	107	317	1446	41	224	382	311	229	108	229	42	0	125	10	20	358	35	20	73	469	78	127	491	20	227	464	401	170	606	58	48	17	2	357	255	390	636	91	10	630	286	151	81	631	33	3	114	937	482	835	396	59	306	20	39	169	178	321	879	48	822	17	95	531	0	109	165	854	199	25	866	106	279	432	90	647	174	1640	191	178	10	216	643	415	368	33	745	42	524	55	604	143	51	130	132	94	300	42	39	48	1028	382	235	148	261	60	66	513	11	155	117	26	171	506	336	42	742	107	164	473	853	144	18	561	73	28	112	505	259	17	208	166	186	434	821	46	127	47	5	50	100	57	1	134	134	341	1213	169	39	212	2	149	0	48	292	201	1691	179	381	92	722	60	21	101	62	1907	66	15	14	32	51	291	107	825	118	813	10	15	97	709	99	17	86	2	142	62	1320	255	113	185	27	0	130	34	19	13	486	280	566	28	3	85	406	849	44	27	89	259	1092	30	192	532	579	525	55	133	93	86	183	6	42	7	173	105	31	12	161	642	177	665	96	388	144	7	943	281	96	673	746	129	62	374	2	58	946	1114	181	67	174	36	160	223	14	208	87	59	62	182	106	167	53	73	370	23	828
sp60	5	0	0	0	0	47	71	97	0	57	0	0	1	21	30	9	5	2	1	10	16	16	2	5	33	6	0	4	16	12	1	4	2	8	0	2	0	7	0	7	0	0	14	0	1	1	10	0	16	12	26	11	0	0	0	0	5	0	2	0	7	1	9	0	18	11	2	20	114	1	3	0	36	0	35	1	0	30	5	4	1	2	6	49	6	20	0	0	0	7	13	1	1	0	3	0	171	4	0	0	0	0	1	10	3	3	1	3	25	48	6	40	81	0	4	0	34	8	0	61	0	6	0	14	26	3	0	0	9	0	24	65	4	0	3	0	0	55	75	0	0	15	11	0	4	0	6	0	135	0	0	27	0	3	2	4	27	0	2	30	18	4	26	0	64	0	5	15	3	55	8	2	0	56	67	4	1	0	38	51	0	23	2	0	7	26	1	1	13	0	13	0	74	0	1	13	0	0	0	1	0	0	22	0	0	22	9	0	2	24	1	17	0	11	1	0	0	2	3	0	0	16	11	5	54	0	3	1	57	34	7	1	62	2	3	19	25	0	0	9	0	5	116	0	0	0	0	0	0	2	2	0	0	1	0	15	4	0	0	1	0	6	0	14	0	7	23	3	0	10	5	43	73	0	1	0	0	0	172	3	0	0	0	0	0	2	19	0	0
sp61	5	0	19	0	0	11	0	99	1	0	73	0	140	16	0	97	0	1	18	0	0	53	0	0	0	0	0	0	7	0	0	11	50	81	71	0	0	0	5	0	0	2	2	1	5	0	0	1	1	76	330	0	0	0	15	204	63	10	4	0	77	0	2	0	0	12	65	0	0	0	31	62	0	178	0	1	36	16	0	0	25	0	9	8	0	0	64	2	0	0	1	0	8	0	0	0	117	0	2	23	58	0	0	0	10	0	39	36	1	122	8	0	70	4	367	63	10	3	2	0	21	0	0	45	36	13	0	0	2	0	4	128	0	86	0	8	3	0	364	0	16	120	0	2	1	0	27	0	10	273	0	2	57	4	1	13	50	50	126	19	1	17	47	1	2	0	3	0	0	0	2	0	23	5	0	48	8	0	1	0	7	0	291	21	0	0	72	5	0	22	0	242	3	0	2	0	2	6	2	9	0	0	141	0	207	0	29	4	2	0	1	0	2	1	171	3	0	263	0	35	3	0	0	58	16	25	0	19	0	25	3	0	71	0	4	0	25	0	1	192	1	2	37	4	1	19	4	0	2	3	34	0	0	0	8	0	2	1	1	11	95	2	0	269	0	0	2	0	0	308	1	1	0	5	0	116	30	8	1	0	58	35	0	46	30	0	1	143	94
sp62	2	43	29	120	42	47	11	24	68	8	49	26	94	13	20	38	45	23	72	18	19	48	11	56	140	48	59	19	81	23	53	45	7	11	48	10	44	14	10	29	61	31	69	98	90	26	3	28	86	37	31	51	72	26	31	30	45	40	15	21	5	73	69	0	108	218	2	36	35	32	109	113	87	51	85	7	22	15	28	46	44	83	2	73	41	43	40	7	33	8	0	28	66	19	171	13	33	86	75	33	38	55	135	27	38	45	8	28	3	1	43	36	41	32	39	37	29	11	25	188	28	2	23	54	28	29	40	54	15	41	40	12	24	5	13	29	34	13	11	11	176	34	29	38	32	23	39	52	56	10	26	28	24	4	25	102	73	93	29	21	73	58	75	114	12	8	53	18	12	90	33	8	65	57	13	19	22	66	58	60	76	0	88	39	3	61	64	63	8	47	45	71	41	39	77	51	28	49	7	28	33	9	26	13	8	64	0	50	116	23	65	23	41	35	81	8	10	37	105	14	27	127	56	4	161	8	32	50	4	27	93	19	102	39	16	32	46	22	40	30	136	42	12	20	97	8	8	22	9	9	15	93	72	11	55	92	73	41	56	84	35	40	19	2	16	26	41	31	31	2	28	39	33	54	109	49	50	5	16	15	39	35	31	32	32	64	48	163	23
sp63	3	13	27	2	1	30	0	9	1	0	2	1	1	38	5	13	0	81	0	13	15	1	89	4	0	0	1	12	5	39	0	100	0	2	41	3	0	0	0	77	12	11	13	0	5	4	1	74	13	0	7	11	5	39	0	0	36	9	82	116	3	0	0	173	9	87	5	75	2	7	2	66	21	0	76	1	0	5	1	18	11	39	0	4	0	65	16	16	17	6	4	1	12	22	8	30	23	75	3	7	52	3	0	41	1	20	0	9	23	1	0	3	0	8	7	13	26	12	1	0	0	2	34	0	27	0	7	0	0	8	0	26	0	7	16	12	4	0	0	0	0	0	37	9	29	14	33	0	5	11	16	16	44	12	3	12	13	3	1	1	94	5	0	70	0	1	79	50	14	2	2	0	2	33	22	56	0	2	16	141	1	0	22	0	0	38	10	9	3	25	3	259	2	0	30	54	14	54	2	0	1	10	12	16	73	32	0	2	3	7	23	18	11	59	5	1	5	0	0	34	65	1	28	1	0	31	0	75	2	7	1	1	97	0	0	25	3	0	14	5	31	51	10	0	0	2	10	0	2	1	5	14	3	11	0	12	28	29	34	13	0	22	84	4	32	3	18	20	34	34	3	12	0	6	8	6	0	4	79	0	5	49	0	41	6	14	12	0	12
sp64	111	14	2	23	26	325	2	567	193	0	1	236	145	3	795	36	70	20	63	127	109	170	10	45	129	197	100	532	21	394	73	25	4	107	47	17	17	38	43	55	8	289	21	73	37	13	30	67	119	82	50	0	36	185	27	328	66	40	211	470	194	15	70	205	47	153	119	11	66	12	85	159	5	42	542	43	16	26	66	99	125	88	28	658	145	1	35	5	232	129	87	14	23	17	6	142	119	12	32	94	0	168	26	58	45	27	170	36	33	17	247	49	127	312	27	377	83	190	2	21	18	15	53	14	65	46	228	12	1	104	143	422	121	353	12	3	30	35	15	59	157	414	209	34	146	36	126	81	72	188	20	21	9	177	72	47	6	57	156	55	182	12	48	136	107	22	127	16	15	478	138	3	439	121	262	39	100	22	33	24	141	10	12	35	59	74	8	106	133	143	29	127	101	0	23	182	33	132	40	102	2	19	122	2	4	80	92	83	200	163	234	118	113	42	116	46	112	228	75	91	7	183	4	124	10	180	355	19	175	46	0	405	2	177	348	73	6	11	0	78	2	49	3	347	1098	336	21	220	233	266	22	169	44	8	127	42	465	17	14	0	581	171	241	22	112	379	129	563	40	4	198	43	24	45	112	14	356	1	50	244	14	26	99	61	6	163	77	1	434
sp65	2970	0	3	357	391	3	29	2	0	59	79	0	167	539	0	507	144	26	167	0	2278	0	148	0	8	0	93	0	2	15	0	51	44	0	2493	7	0	143	507	132	35	56	341	6	0	3	13	0	592	1350	0	21	225	1	998	0	0	2	14	408	0	0	28	62	0	1310	0	3661	1318	6	272	912	3	83	980	76	6	0	8	5400	14	0	12	1221	6	0	0	1244	3	1	1	0	0	6	0	62	1307	501	0	12	0	243	3379	2	2971	0	37	10	2	15	0	0	822	2	2029	4	49	0	3047	3	829	3364	0	3162	841	2	94	7	5	3591	141	222	887	199	0	28	0	3486	130	56	0	138	576	8	0	1960	0	4	0	421	2562	1	0	0	1	325	0	855	0	42	153	3	241	339	50	1660	34	7	0	162	457	688	232	673	6	10	1	60	0	10	206	0	8	128	23	101	5	238	1	4041	802	141	102	1656	194	74	798	18	72	30	4	5	1205	248	2105	6372	16	102	4517	1	3307	2	0	1500	370	60	7	0	1940	2	22	0	135	1035	0	0	0	789	772	726	2165	0	0	0	1664	1	380	4	2002	37	0	829	199	1021	8	441	1	0	215	325	42	11	34	830	500	0	4	425	45	0	4	2360	60	1	56	4123	2	719	11	21	7	0	650	1629	2409	0	103	232	0	659	9	0	3	1989	12	0	137	335	0
sp66	61	234	6	0	185	9	83	17	0	14	2	0	34	11	117	32	1	56	14	125	14	241	34	2	112	124	23	294	22	6	5	54	25	4	14	4	30	4	2	18	1	91	115	0	2	15	18	23	216	18	661	0	10	214	0	43	40	100	16	23	30	110	117	95	25	6	58	131	27	7	107	40	102	61	177	15	15	1	51	42	0	10	207	3	7	8	109	31	69	5	0	21	19	2	27	40	11	18	11	3	1	40	234	5	10	126	56	20	40	2	1	72	2	2	80	6	1	4	152	16	29	0	15	93	81	55	5	145	77	25	51	10	44	133	321	5	64	33	9	9	12	1	259	46	61	26	85	10	16	71	56	93	305	7	0	22	1	16	158	63	2	78	75	65	54	19	2	52	192	37	87	96	189	1	37	65	22	6	68	106	6	12	25	0	356	150	83	337	27	147	51	42	1	45	149	0	0	132	117	57	193	178	45	91	0	3	1	40	54	617	39	111	1	23	72	31	24	0	103	0	2	54	43	13	104	472	32	5	3	1	23	0	118	16	28	22	183	105	37	257	16	63	33	172	366	85	52	35	12	0	0	0	19	96	39	58	99	10	230	191	2	28	283	1	0	29	0	148	47	171	30	12	80	342	8	28	207	38	197	7	150	225	8	53	33	180	45	54	2
sp67	374	479	425	122	106	19	122	310	25	65	19	0	0	9	106	471	25	58	50	6	9	9	155	584	239	688	2	16	311	0	83	460	0	37	3	23	0	171	198	18	26	67	101	2	77	84	71	163	384	5	1	1	148	274	365	1002	193	401	1	117	55	72	194	152	208	83	39	13	19	195	130	101	64	328	5	61	73	333	279	1	332	71	364	10	25	65	19	28	321	22	444	10	276	37	91	210	111	109	372	190	82	180	2	24	34	120	14	68	13	97	464	585	235	1697	16	9	7	0	102	61	249	22	42	67	19	107	16	0	18	117	53	188	0	1	0	38	449	261	10	9	20	112	465	38	256	4	5	364	43	325	25	20	396	34	64	117	9	1926	0	4	29	0	4	2	773	109	0	12	0	0	141	387	101	820	16	309	2	35	63	301	193	133	0	207	30	709	2	680	49	169	538	2	583	469	120	11	111	24	96	20	57	166	19	68	514	91	5	1	83	142	23	0	75	9	90	248	289	59	48	70	24	62	0	1	164	121	331	55	18	510	197	43	207	0	126	21	172	12	29	78	66	193	41	2	135	211	193	67	48	392	98	305	0	1	0	251	0	3	173	1	0	117	179	522	167	30	426	160	224	8	175	54	41	150	7	13	141	4	182	111	99	248	25	547	914	795	897	192	30
sp68	0	3	4	4	1	0	4	0	0	9	0	9	0	3	4	0	1	2	0	0	1	3	24	1	7	0	1	0	23	1	0	8	0	0	0	1	8	1	0	0	0	8	0	0	1	0	4	0	0	0	14	0	0	6	8	0	0	0	54	3	11	0	4	3	0	1	10	3	6	27	3	4	0	10	6	0	0	0	1	10	0	2	2	0	0	14	0	9	0	3	2	0	1	4	6	0	2	0	6	2	2	0	0	1	11	0	3	0	0	0	0	0	3	1	55	22	0	1	3	3	3	0	0	0	0	14	30	0	2	5	0	1	3	2	0	17	9	7	0	0	4	0	1	0	0	5	0	26	2	1	2	2	0	0	3	0	1	1	12	14	0	4	0	9	7	12	0	0	3	0	0	0	8	2	1	0	1	3	3	15	3	2	27	0	16	0	2	0	0	0	8	0	7	0	4	2	0	0	0	0	1	0	0	3	0	1	1	0	0	4	4	2	2	0	15	1	0	0	0	2	0	0	0	1	2	0	2	3	1	15	8	4	2	2	42	0	0	7	0	0	1	4	2	4	0	1	3	0	0	4	0	3	5	0	1	1	0	4	0	0	6	0	4	7	5	1	35	5	2	0	0	2	0	24	5	3	0	0	0	0	18	13	0	9	0	2	0	10	0
sp69	88	8	74	38	0	35	0	0	0	0	6	0	0	22	0	0	0	0	4	1	0	0	17	0	0	16	0	486	20	0	0	82	0	0	0	0	40	15	8	0	74	0	1	3	0	3	89	0	0	14	0	2	105	40	391	275	1	1	0	0	397	0	3	106	0	0	7	0	0	14	5	0	0	4	14	44	0	0	10	0	100	32	20	199	1	96	0	10	7	0	0	19	4	6	1	276	18	0	183	0	7	0	0	0	29	5	0	0	0	124	2	8	2	0	183	1	262	1	0	0	0	1	189	2	74	351	54	0	0	28	7	0	214	8	0	0	85	0	12	109	56	7	0	0	0	1	3	0	64	0	0	0	30	1	0	7	72	0	0	53	0	2	1	13	27	0	179	29	0	311	37	14	0	0	0	30	201	3	2	0	71	94	42	2	0	0	2	0	9	0	0	0	2	0	0	99	279	0	0	12	39	0	0	0	9	0	13	155	0	27	0	0	0	100	0	20	40	0	0	0	0	2	2	0	148	7	0	11	0	1	88	1	0	10	2	0	1	3	0	2	185	10	0	0	48	4	0	1	0	1	41	0	5	3	0	5	125	0	25	0	0	0	0	31	0	122	0	220	0	2	2	0	35	5	18	19	227	0	2	1	0	7	3	0	0	0	0	98	0
sp70	5	0	3	13	3	0	0	1	1	0	0	13	1	6	1	9	5	0	7	5	1	13	18	3	10	0	2	14	5	3	18	6	5	1	0	14	0	0	31	3	0	0	2	0	6	13	6	0	0	0	7	3	2	8	26	5	20	0	0	8	2	9	2	0	0	15	1	1	3	0	6	3	0	1	4	1	5	0	7	15	2	6	9	0	0	1	4	0	5	0	2	0	33	5	11	29	18	1	1	3	6	3	4	2	0	15	7	13	0	2	1	1	18	0	6	5	1	35	3	0	17	6	0	2	0	0	0	2	0	3	13	0	23	0	0	0	0	4	0	0	12	0	41	12	0	3	12	1	7	1	0	0	10	11	0	0	2	8	13	25	1	2	10	3	0	5	1	8	5	0	9	2	0	0	18	0	4	4	5	15	2	8	0	5	13	33	46	0	9	2	0	1	4	17	2	9	2	0	0	7	13	2	20	3	4	6	0	0	2	25	1	8	0	11	2	4	7	0	5	0	3	0	0	0	0	2	0	3	5	6	0	11	0	0	0	3	2	8	8	3	7	1	0	0	0	2	0	1	1	2	3	5	0	1	1	3	0	0	1	5	13	6	4	2	6	2	0	0	1	0	1	1	0	18	2	0	0	2	0	5	1	7	22	0	1	0	0	0	38
sp71	2	1	31	37	17	0	18	10	4	43	0	4	10	20	14	9	10	9	5	31	6	1	0	0	2	7	2	8	55	9	2	0	0	0	1	9	47	12	27	0	2	4	0	2	16	1	61	20	6	0	31	9	6	7	4	18	1	0	3	1	21	3	21	0	15	5	18	0	5	1	1	6	13	19	37	1	0	23	5	20	1	18	15	16	3	17	3	0	24	0	27	0	6	9	22	9	7	12	8	22	33	1	8	9	6	0	2	1	7	23	10	1	6	0	16	5	3	28	3	18	11	2	8	0	7	10	44	1	11	28	7	19	16	2	9	6	4	0	9	23	9	7	0	11	33	14	1	10	1	3	36	4	21	26	18	11	64	0	3	40	0	28	22	0	3	10	1	1	4	12	3	11	8	6	1	47	15	2	0	0	2	46	0	66	31	5	60	26	0	7	10	16	1	12	0	1	15	21	2	0	6	9	13	0	22	4	2	9	8	0	56	3	2	7	0	18	31	16	5	44	0	12	13	16	6	46	8	2	1	8	2	1	0	13	6	2	0	4	12	17	0	5	7	3	10	17	50	8	1	2	36	19	7	3	9	16	3	16	8	2	12	21	6	0	13	0	17	11	8	9	5	7	17	1	32	0	18	47	0	28	6	0	0	27	9	14	58	0	2
sp72	41	6	0	6	0	3	2	0	215	2	78	23	0	0	142	46	0	78	1	254	0	0	0	0	0	0	244	0	164	0	0	10	0	99	0	5	0	0	10	0	14	0	29	40	20	0	0	0	110	0	4	123	22	72	33	0	1	0	66	3	2	91	7	148	0	0	2	19	0	0	26	6	0	11	0	12	0	12	0	2	127	0	0	1	0	0	0	0	0	2	1	0	0	3	52	1	20	0	0	2	2	0	11	0	4	5	0	0	0	0	15	0	0	0	0	120	0	36	0	33	52	1	0	0	0	0	2	14	0	1	31	0	0	0	11	2	8	0	2	0	0	10	28	6	0	0	184	0	43	0	19	0	12	0	24	1	0	14	1	0	17	0	0	0	2	3	0	124	22	28	217	7	6	10	6	0	9	7	0	39	0	0	64	0	22	0	0	3	177	0	0	15	0	0	20	0	113	7	0	0	41	17	183	139	8	0	0	3	0	0	143	58	336	12	0	0	2	0	10	0	5	25	0	15	84	0	0	9	1	0	5	0	15	13	228	0	49	0	0	14	0	11	88	2	95	0	0	0	0	0	0	0	0	4	0	20	0	6	0	110	0	0	42	0	101	5	0	0	18	9	3	4	12	94	8	75	0	3	0	7	3	75	6	8	0	14	14	7	16
sp73	159	196	178	7	0	16	2	58	1	0	0	169	4	483	2	0	6	0	75	29	0	14	0	11	0	100	0	2	10	140	0	6	0	2	2	8	31	0	0	155	133	13	898	9	658	38	0	0	511	40	115	229	3	445	4	217	0	97	0	81	0	7	22	2	18	85	0	13	0	23	86	10	12	471	2	2	41	1	30	147	0	74	0	1	73	4	5	1	1	5	0	179	134	6	0	190	3	20	6	406	33	0	31	53	1	0	8	0	12	0	13	39	286	0	29	0	0	0	1	1	172	83	122	0	118	1	17	577	0	0	35	2	25	40	2	226	0	747	1	674	8	0	647	8	0	0	20	107	27	14	0	49	0	294	0	122	319	0	2	26	211	0	0	0	91	2	55	0	0	1	83	88	4	0	11	23	0	0	0	35	0	180	168	30	0	103	0	0	1	0	1018	49	29	122	5	2	0	0	155	25	22	63	0	3	4	0	1	9	0	48	2	18	18	80	2	7	0	2	4	202	0	0	0	749	0	0	105	341	7	28	1	15	42	43	1	436	0	1	1	169	0	188	20	1037	0	0	252	0	445	0	166	216	0	383	132	174	7	14	3	65	457	0	0	9	0	0	4	2	81	0	0	49	4	3	0	293	279	1	0	0	0	0	0	1	0	12	0	84	1
sp74	2	1	12	13	15	12	7	1	0	8	11	21	10	21	8	11	8	9	10	0	6	0	13	1	13	0	14	35	3	2	2	4	3	1	0	20	15	1	7	21	2	3	9	30	6	1	1	1	32	1	5	12	2	5	11	2	1	3	0	9	1	7	5	4	11	3	10	0	45	0	2	5	18	24	2	4	9	4	5	0	2	24	4	4	2	0	25	6	31	1	0	14	7	4	1	15	12	15	10	26	1	1	0	5	0	1	0	5	28	28	13	5	5	11	0	12	10	0	5	5	1	2	5	13	1	8	41	1	10	0	0	10	0	12	12	2	4	9	27	7	35	2	3	1	15	5	0	1	1	0	0	34	4	0	1	0	1	1	1	4	14	1	26	37	4	11	1	0	4	6	1	2	1	0	1	0	7	10	1	6	27	0	5	12	18	0	0	0	1	4	11	1	15	9	0	0	0	2	5	11	4	29	17	7	25	1	0	4	0	6	7	8	0	7	1	6	10	10	0	16	21	4	6	1	1	5	1	12	1	5	4	2	2	4	2	1	40	0	1	15	1	0	4	8	13	4	20	0	6	3	1	0	0	8	3	0	33	10	3	1	9	0	0	1	19	55	24	1	31	0	8	8	3	20	0	0	0	2	2	22	26	2	1	4	2	8	5	0	0
sp75	141	829	129	33	62	1899	285	2	167	1428	14	665	681	28	969	560	11	43	38	4	700	8	1118	329	128	698	17	7	57	150	160	20	363	34	55	1293	548	37	542	1113	71	0	1	264	29	784	397	17	1404	40	29	270	440	302	795	231	281	0	178	386	143	1	619	46	132	109	563	489	159	4	13	228	130	228	0	256	122	78	20	367	116	24	2148	820	241	63	32	551	6	34	230	23	248	247	1045	86	3	295	636	19	402	25	55	1275	137	138	1202	123	336	135	671	805	1101	407	499	354	609	0	163	7	884	1224	374	522	14	2	0	72	6	1453	347	766	595	642	1552	20	4	11	803	2	554	139	1	80	46	362	27	2	464	0	1152	27	2	793	1281	720	615	117	2	712	7	508	63	273	108	83	67	144	384	34	24	294	605	171	247	248	465	3	78	1060	24	11	267	479	1	381	313	260	122	76	275	316	384	194	4	1243	6	293	331	7	1806	552	2	27	2	0	32	277	209	97	204	15	0	393	67	151	639	1575	80	491	2	117	3	2	507	2201	678	13	92	1308	7	67	334	879	98	358	41	115	22	357	28	134	0	465	1	252	151	24	1338	1029	598	290	114	4	617	92	396	151	11	0	8	620	86	10	51	143	36	102	39	172	448	5	397	432	14	1696	90	444	535	157	578	16	744	11	140	2	97	546	10
sp76	2	5	2	4	10	8	5	18	10	2	2	3	2	8	10	12	2	19	7	7	11	6	3	8	6	8	4	9	2	6	5	4	2	14	4	5	8	1	8	10	2	1	10	18	11	7	2	9	5	6	18	5	5	4	5	3	4	10	5	10	9	3	20	8	2	11	13	10	9	7	1	3	1	19	5	21	5	2	3	10	0	2	21	15	6	12	3	18	5	8	13	3	8	4	3	6	2	7	3	4	8	22	7	8	5	3	12	1	1	4	5	7	23	7	10	2	3	16	1	4	2	2	1	9	6	8	8	6	6	13	5	3	2	5	4	22	9	1	2	22	6	6	8	7	7	7	6	14	18	6	1	9	0	9	16	4	0	9	6	12	8	1	11	13	4	14	8	14	7	8	20	19	4	7	1	5	11	11	21	7	2	6	3	29	5	5	6	8	2	6	6	7	1	11	16	8	6	4	18	7	4	6	4	1	5	18	7	8	0	11	7	13	9	8	3	7	0	15	5	0	4	4	6	5	9	7	6	12	6	15	0	2	14	3	2	3	10	7	10	7	15	5	5	1	11	4	11	1	5	11	5	8	12	12	1	6	13	23	8	15	1	0	3	5	6	2	13	5	7	14	15	3	11	12	19	11	3	4	3	9	3	2	9	5	12	11	3	3	4
sp77	41	60	82	0	45	15	91	0	4	9	130	87	30	4	10	7	83	4	5	5	0	148	39	0	1	71	23	0	1	346	114	25	1	62	38	28	0	9	23	28	8	0	24	3	0	0	4	38	12	108	167	8	12	7	12	5	5	6	86	11	83	0	7	6	8	0	4	28	74	14	40	14	0	67	3	3	59	2	140	11	198	0	21	0	2	1	3	107	68	0	30	1	0	17	17	25	311	29	0	6	2	8	46	26	1	2	85	0	53	25	23	43	0	20	0	1	1	8	1	22	8	0	5	0	71	9	5	2	90	39	0	0	4	5	28	0	22	0	0	3	134	19	4	6	0	15	31	0	38	6	0	1	0	1	0	0	153	149	0	7	36	98	7	39	70	65	83	7	31	1	25	6	0	36	33	9	28	22	0	23	18	2	0	81	0	0	37	56	9	24	33	12	164	26	0	0	19	27	30	3	0	15	14	54	2	2	22	0	52	57	0	19	1	6	18	15	9	13	4	3	0	21	5	19	0	46	0	226	33	26	25	116	18	72	4	0	1	72	2	46	3	32	39	5	5	25	3	87	8	2	1	161	2	46	23	63	1	114	4	6	2	5	14	0	144	1	2	0	8	0	0	34	24	0	128	8	0	0	6	75	0	73	11	7	6	120	2	20	0
sp78	0	4	0	85	0	6	0	4	0	8	0	0	0	2	0	0	0	1	0	62	0	0	3	0	0	0	0	0	0	6	1	40	33	3	6	0	0	24	43	259	0	0	2	0	0	0	0	0	0	1	191	0	0	3	42	0	15	0	0	0	23	15	24	0	8	19	1	0	0	0	38	0	3	0	0	103	2	31	1	41	0	0	0	1	15	0	0	0	9	10	61	268	64	0	0	0	0	0	0	0	15	0	0	0	106	0	1	207	0	7	6	8	0	0	0	0	27	7	0	27	0	0	47	17	0	0	2	1	4	12	0	1	0	3	10	1	0	12	10	19	16	45	0	33	1	22	12	5	1	0	0	2	0	5	0	5	0	0	0	0	2	16	0	0	1	0	0	0	0	0	13	0	0	0	0	26	0	3	0	0	99	0	3	0	4	0	0	1	0	1	68	2	25	0	7	0	5	0	2	0	0	8	7	0	0	0	0	1	0	0	0	0	0	0	0	0	0	0	0	0	0	30	0	0	0	2	0	0	0	0	1	68	3	0	38	72	0	0	0	0	16	0	0	0	0	16	0	60	0	1	0	0	14	0	0	0	34	258	0	0	0	4	0	0	1	0	1	0	0	2	0	0	0	21	11	86	2	1	0	2	26	2	0	2	79	0	548	0	0
sp79	0	5	5	0	0	0	0	5	1	1	46	22	0	2	1	18	1	8	31	6	3	16	25	1	7	14	18	2	8	4	0	17	0	50	10	3	10	1	0	12	9	5	18	29	14	0	0	0	18	1	13	6	0	0	0	0	32	6	3	8	1	1	5	62	4	44	2	14	0	0	21	36	8	3	1	0	4	2	4	11	1	7	0	3	12	17	4	2	0	19	0	6	0	0	25	0	46	13	0	52	0	15	13	15	4	11	2	13	3	0	57	15	2	20	9	6	0	44	4	31	21	0	17	2	3	1	3	27	2	1	0	0	1	12	3	9	3	0	0	0	3	6	66	8	2	5	16	2	3	0	2	25	8	0	2	1	3	19	17	7	4	0	0	2	2	14	0	2	2	22	2	35	0	1	0	2	0	23	20	21	29	0	28	0	25	8	0	16	1	31	11	9	2	3	53	8	3	11	6	4	1	26	13	55	7	37	1	0	16	30	6	17	39	10	13	0	0	0	5	1	18	4	11	4	33	7	0	25	10	0	5	0	27	1	12	6	34	0	6	1	25	3	20	4	35	5	2	52	0	0	0	7	18	19	9	11	4	1	9	43	23	19	61	12	7	4	1	4	57	42	21	3	1	9	3	12	0	0	45	0	0	24	3	11	29	26	2	3	22
sp80	0	25	0	0	0	1	0	1	0	8	0	8	17	3	3	2	8	3	1	9	6	2	3	9	0	5	0	19	11	17	3	0	3	2	106	3	22	0	0	5	19	46	11	0	7	3	1	0	7	0	0	12	1	46	6	3	1	41	1	15	0	0	2	0	9	0	19	0	0	0	0	10	0	0	0	0	4	15	0	1	0	1	22	5	0	0	1	3	28	0	61	0	0	0	108	11	3	4	23	0	0	2	5	0	0	16	0	3	0	0	0	1	0	24	1	3	7	2	3	1	10	0	0	81	0	0	10	0	7	0	8	11	3	7	4	0	4	9	9	1	7	0	9	28	1	1	11	2	0	35	5	0	1	6	7	4	0	0	8	1	1	0	0	2	1	48	67	1	0	24	24	0	0	1	0	16	5	2	5	0	3	1	26	0	5	0	0	0	0	0	20	2	1	6	4	0	1	2	6	7	9	0	6	14	9	4	36	0	70	3	0	0	0	2	0	5	0	39	1	0	8	5	0	0	6	3	0	6	9	0	0	4	5	2	1	0	0	33	0	11	0	0	0	3	2	2	18	7	0	0	13	2	5	2	0	4	0	6	3	7	0	13	0	0	8	28	0	0	0	3	0	0	30	0	3	0	0	3	0	3	0	0	0	1	2	0	42	0	1
sp81	22	0	10	0	4	2	4	0	3	0	8	7	0	0	3	4	0	21	2	0	3	57	1	0	15	4	8	0	60	1	2	3	21	0	14	8	80	14	5	2	3	0	7	1	25	5	4	0	0	1	0	1	21	6	1	0	10	5	13	0	0	3	0	29	20	0	0	0	0	2	2	0	0	0	3	13	37	4	8	64	8	11	0	1	0	2	0	8	6	51	36	0	0	39	1	0	1	0	3	3	12	0	8	4	3	6	27	17	2	4	0	14	3	18	26	0	22	0	6	24	0	1	0	0	27	0	26	23	1	6	1	15	13	1	24	4	3	0	44	0	0	0	138	0	4	0	51	165	6	0	4	1	4	28	1	0	22	24	0	13	36	4	49	34	2	0	2	31	0	0	80	0	6	0	0	1	29	5	0	2	86	0	25	74	30	2	5	3	35	0	6	0	5	11	3	0	0	4	7	2	0	0	0	0	7	2	2	29	10	53	33	25	0	0	0	5	20	3	10	3	2	0	0	37	2	5	124	96	0	0	2	1	8	15	0	15	7	3	2	6	30	24	2	2	11	2	6	3	18	13	0	0	50	22	18	0	12	21	68	0	2	61	0	14	1	2	35	0	39	1	46	0	25	0	0	0	3	17	27	12	1	4	0	8	21	3	47	4	1
sp82	0	1	0	1	0	9	2	14	0	15	4	0	0	1	0	0	0	0	0	35	0	7	0	0	3	0	0	1	2	0	40	12	3	7	0	0	50	35	53	3	0	6	32	37	12	0	0	0	45	0	0	2	6	2	0	0	26	0	3	30	10	0	0	1	3	4	6	0	0	10	1	0	1	0	22	0	0	0	8	26	1	0	20	0	16	2	0	0	0	0	0	0	1	2	0	0	8	0	0	23	6	27	8	0	0	0	19	8	7	0	0	7	1	16	0	0	1	0	1	0	2	0	16	0	0	32	0	11	22	7	2	0	5	0	3	4	0	1	0	0	6	0	4	8	55	2	0	0	7	0	0	0	1	0	2	0	0	3	1	6	2	0	0	2	0	0	23	0	3	2	0	35	12	6	0	0	7	0	3	0	0	12	50	0	0	0	0	4	13	2	0	1	0	0	0	1	0	0	0	0	0	0	18	8	1	2	1	0	0	8	2	2	0	2	0	0	1	17	44	24	49	9	2	8	0	8	39	86	30	10	1	0	1	0	3	0	36	0	0	0	0	0	9	0	5	4	0	41	0	0	0	13	1	0	1	2	5	14	1	52	7	9	2	36	10	0	0	0	2	0	6	5	4	1	0	9	0	0	5	0	26	0	0	0	18	2	0	22	3
sp83	36	17	87	605	10	84	88	113	11	76	151	123	1	11	3	122	28	0	28	108	90	36	241	366	12	29	9	11	0	27	38	48	8	11	207	411	1	0	5	0	370	233	4	3	3	0	196	146	643	120	0	5	20	15	99	0	109	40	4	169	7	0	24	86	438	6	40	1	80	402	519	0	4	129	72	58	0	51	76	73	140	31	362	33	0	80	573	11	43	103	0	24	53	8	41	7	25	0	96	93	0	8	19	7	24	0	196	37	9	3	5	1	6	6	0	48	1	168	6	12	95	8	0	14	9	3	189	61	0	67	115	0	3	0	80	0	4	34	182	160	9	123	136	0	10	22	18	144	23	348	4	112	0	1	194	421	393	3	48	471	942	26	60	72	203	5	1	17	105	13	77	41	193	11	106	119	3	34	3	16	167	47	63	99	266	65	12	40	1	5	1	47	14	11	73	1	0	171	9	541	99	16	49	4	3	10	59	18	111	7	5	9	52	51	0	39	1	17	52	9	15	70	105	122	4	222	0	0	47	309	0	25	3	0	24	36	69	4	0	60	227	886	320	0	7	0	29	1	51	3	31	99	736	14	19	13	102	4	4	4	50	12	155	88	28	0	0	1	16	480	12	3	4	24	0	4	0	61	4	277	265	58	1	5	264	1	3	59	3
sp84	48	0	7	1591	2524	38	7619	313	31	50	777	1	392	536	2	2908	4488	8	0	10	1355	1832	1	28	1	181	3	400	209	26	6	0	134	16	14	91	651	0	16	50	2520	199	0	0	2	5951	175	8	558	18	662	38	152	981	39	77	0	1	11	4908	1417	73	0	1258	321	373	103	3401	0	197	1188	3543	68	568	555	956	656	188	101	4	76	106	1081	24	397	600	958	0	1	9	1002	0	3	8	38	22	222	272	5	0	2491	5457	13	123	0	1273	0	369	0	102	561	2673	48	45	837	0	15	55	0	738	2	0	719	1263	1422	0	1603	9	348	160	250	0	1885	334	113	19	264	17	43	145	0	3	11	502	159	197	20	3413	324	78	8332	0	0	2	84	0	3581	200	1803	323	37	0	23	6	38	4	47	211	66	1120	68	32	3635	540	651	493	146	0	8	10	1279	0	771	36	86	167	25	0	1661	719	19	1	2350	93	1795	76	2190	10	3164	311	98	7828	6	136	35	4	2	5	178	13	9	134	100	19	327	10	0	4	24	1011	81	411	244	1	267	6	0	0	430	163	0	0	61	0	7	180	365	129	14	0	23	0	872	51	2	1591	131	203	3797	2482	34	0	16	182	44	1140	359	2320	227	1031	9731	46	0	1203	775	738	64	90	3265	8	44	24	0	0	0	411	33	4	604	11	143	1565	77	0	1	132	159	796	2
sp85	1	0	2	0	0	6	1	0	0	10	0	24	5	16	0	14	26	0	3	4	2	24	0	4	5	0	60	35	5	0	9	1	0	3	23	0	5	1	2	0	0	1	12	0	0	2	0	0	16	13	21	19	0	9	0	0	0	0	0	0	10	8	0	0	5	0	21	0	1	0	0	0	0	1	7	0	5	0	0	0	49	0	96	11	0	3	4	5	0	24	1	30	1	19	0	2	1	0	11	0	0	0	1	1	11	0	1	1	0	0	21	0	14	1	0	0	0	0	8	6	14	9	24	0	34	52	3	24	9	1	0	7	8	5	0	6	9	0	0	7	36	4	3	18	28	9	14	0	5	4	3	20	31	0	1	0	0	59	0	1	0	0	0	13	0	1	100	15	2	1	18	0	41	0	24	6	0	0	0	59	0	1	8	30	17	30	0	5	2	2	17	15	4	35	4	11	0	10	1	1	4	33	0	4	13	1	31	8	72	6	15	4	6	17	2	3	0	0	32	10	0	0	45	0	52	22	22	0	0	8	2	22	1	2	0	14	1	0	2	0	57	30	40	1	2	1	6	1	12	0	0	1	30	9	0	30	2	6	3	1	4	4	2	49	3	17	1	15	0	5	0	9	1	0	0	12	25	11	5	49	6	42	3	0	30	15	31	0	20
sp86	8	1	0	0	4	3	10	0	6	0	3	2	25	0	0	3	4	7	4	0	2	0	20	16	0	0	1	5	5	0	2	8	3	1	4	0	0	2	12	2	3	3	24	6	18	1	16	16	12	1	11	0	2	12	2	3	0	0	1	12	2	0	0	0	0	0	0	11	45	10	1	3	1	1	8	11	2	7	0	3	18	0	6	2	0	4	0	3	5	0	7	1	10	0	1	2	4	1	26	1	2	1	48	0	4	33	1	4	11	1	0	6	2	4	1	0	11	0	3	14	0	13	0	0	0	2	0	2	8	2	0	0	3	13	1	5	2	1	0	0	5	14	0	4	1	16	0	32	15	25	1	3	0	0	2	13	0	1	0	1	6	17	13	3	0	0	1	0	0	5	18	0	2	0	4	9	13	2	2	10	1	1	0	13	0	0	1	0	9	0	3	0	0	0	0	4	10	2	0	3	43	19	1	0	3	0	16	1	2	4	0	1	14	1	0	1	0	8	1	39	5	1	0	19	6	47	20	0	0	1	1	6	0	6	1	8	5	7	2	7	0	0	0	0	0	0	20	0	0	17	0	3	0	2	0	3	16	2	34	0	9	5	0	5	0	1	1	0	0	15	0	6	0	11	36	9	11	7	0	7	0	0	0	1	0	1	0	3	3
sp87	103	51	284	0	7	6	27	8	226	3	103	10	0	66	57	56	1	0	143	17	1	80	21	33	209	48	3	11	0	3	144	28	0	180	89	0	48	6	17	72	2	195	39	29	0	23	0	1	0	2	7	84	0	75	41	15	99	0	26	97	16	21	36	393	4	91	169	7	7	0	0	4	201	61	53	10	9	5	1	315	65	50	1	36	9	67	11	20	34	65	4	39	0	5	143	15	48	21	15	1	34	65	30	103	14	7	52	153	52	44	13	323	5	36	2	7	29	106	72	174	57	0	68	37	21	0	13	214	94	27	62	35	11	0	20	124	193	16	0	14	24	19	8	18	15	53	90	1	99	82	4	16	3	0	0	47	65	17	17	30	8	4	227	0	21	92	38	284	13	134	6	97	5	13	8	61	4	0	9	39	66	18	38	27	248	139	24	22	3	99	120	59	19	14	106	1	3	116	6	66	207	107	2	6	165	43	19	6	9	6	61	2	60	8	21	0	5	7	2	96	9	0	7	56	36	10	8	5	34	1	84	51	31	57	107	89	281	0	13	0	2	2	0	6	2	33	14	6	7	1	30	80	43	0	80	11	123	13	42	188	270	45	105	37	33	70	120	63	69	153	28	40	497	35	31	39	19	0	10	211	3	119	13	36	21	0	0	36	6
sp88	8	0	5	0	1	0	0	3	0	0	26	85	0	0	16	0	0	0	19	97	0	1	0	262	27	0	0	0	1	9	12	1	21	0	0	0	32	0	0	0	1	7	0	0	0	23	11	0	0	0	5	0	153	3	0	1	0	0	235	5	0	0	0	0	0	0	0	11	11	3	0	1	759	35	270	0	68	305	253	0	2	0	0	126	1	0	0	0	3	35	0	2	0	114	0	0	0	0	0	229	0	0	0	0	0	0	4	118	0	0	1	0	731	39	889	0	3	0	0	36	59	0	1	1	0	0	3	176	2	29	0	0	0	0	0	0	1	0	27	0	78	0	0	0	0	0	45	0	55	123	0	0	0	0	0	14	0	0	6	167	0	0	5	114	0	0	0	0	0	0	0	0	1	75	164	0	0	0	84	0	0	0	0	23	439	35	2	209	0	0	2	15	34	0	0	0	0	0	13	35	0	5	0	0	0	0	974	0	0	0	0	5	0	0	0	0	40	0	0	0	5	0	0	0	0	7	0	138	0	32	998	0	0	3	0	0	0	0	99	0	0	43	0	0	0	0	279	0	0	10	46	0	0	0	2	3	144	0	1	0	0	0	0	0	1	0	0	0	0	0	0	0	0	0	0	0	0	441	11	0	0	0	0	0	15	0	0	181	1
sp89	1	1	2	0	1	0	2	2	3	8	0	0	2	7	0	3	0	2	0	5	18	28	1	11	1	1	13	0	0	1	0	18	1	1	2	1	2	0	1	1	1	3	9	4	1	2	0	16	4	1	7	8	0	0	0	0	12	4	1	10	14	1	2	3	0	10	0	10	0	0	4	0	2	1	0	1	7	1	9	1	4	3	0	1	4	4	0	2	2	4	1	1	0	0	20	0	8	19	0	7	0	8	3	0	1	11	16	0	2	12	5	16	1	2	1	1	4	2	0	1	5	3	6	3	2	0	18	2	3	2	0	0	3	0	0	1	1	1	2	1	9	0	1	2	0	0	2	13	7	0	1	1	2	0	3	2	2	9	0	2	2	0	0	4	19	0	2	0	5	0	9	4	0	0	0	7	0	1	2	7	0	0	10	8	6	8	0	0	0	3	0	4	4	0	6	1	2	5	0	9	1	0	2	0	0	3	1	0	1	5	2	1	4	0	18	1	1	8	6	0	8	3	11	15	19	17	0	15	0	5	0	1	0	0	25	1	6	0	6	0	3	4	5	12	5	1	35	4	0	0	0	0	12	1	4	1	15	0	3	2	4	0	7	6	3	2	1	6	13	1	2	0	31	9	15	6	0	10	5	0	0	8	22	2	4	1	15	1	22
sp90	4651	2183	4149	4666	1571	1581	6418	4058	5886	7196	8695	7143	1498	1446	11870	2659	3152	222	2627	4500	12640	4012	3206	1450	2761	3180	950	10933	1481	1913	3531	5456	1487	4930	7340	4274	4535	3444	2735	9235	5264	1909	2563	1613	2874	1774	2424	2850	5131	1356	4130	6311	2747	5106	1770	5016	3061	3883	4322	1061	7094	2003	5397	6642	2300	2736	3895	6333	2940	941	6715	744	3983	3082	2291	3298	2140	2574	6709	2049	3662	6381	1195	6940	3401	3707	2097	1981	2060	457	7471	583	3881	1629	1940	8173	782	3486	11982	4242	2497	1515	2594	7168	8480	4073	923	7685	3213	4402	3425	3269	2252	2474	1773	3253	3154	3039	1569	4354	3208	4736	1337	3035	6966	2155	3650	1600	2636	3940	4811	2831	3852	3682	2852	5019	2514	2396	2338	6240	7123	9099	2149	5327	4677	7984	10281	4068	2611	1693	579	2707	4269	5561	794	3696	1461	7382	5989	2065	2235	2035	4046	13199	6970	1481	1721	7493	8409	2626	3226	951	5897	2218	3109	2077	2652	10701	2361	2775	1833	5953	5549	3821	2384	8284	3260	4439	3792	6946	10553	424	2195	6347	4968	1741	2791	4089	1444	1769	1913	1173	3866	2829	2451	4281	4869	839	5242	1751	3381	5648	5304	7053	3935	3678	2653	4679	3445	7009	5558	4455	14453	2435	1134	5355	2911	3846	4035	9911	3924	391	4985	3052	2143	5347	1317	11922	9906	7306	5732	1191	3537	5177	3865	3184	3911	1076	4630	6206	4385	2851	1080	1817	4843	935	2230	551	5037	3109	5072	2513	2288	4404	3966	6874	4031	5261	2058	5588	1757	3332	7088	1602	2409	5400	2843	8302	1321	2465	2155	3158	1169	1634	6633	4519	1219	11133	3440
sp91	45	23	0	0	6	12	1	2	0	3	5	0	22	15	52	1	3	11	0	0	0	15	26	0	142	22	19	8	19	0	1	0	28	0	5	0	6	0	0	111	1	20	3	9	0	5	0	35	6	27	0	3	0	0	0	3	0	0	0	1	0	16	9	12	0	20	0	2	1	2	55	16	0	0	46	28	6	6	1	5	11	7	4	8	34	40	12	0	0	0	17	2	16	1	16	161	1	18	1	0	4	0	0	0	2	0	3	0	2	0	49	26	1	0	8	39	0	4	74	1	5	4	2	44	0	0	3	1	0	3	0	0	0	122	1	0	0	24	0	1	3	0	2	2	0	2	38	52	0	1	0	0	0	32	1	1	8	19	18	12	1	31	74	8	3	3	0	14	1	16	0	0	0	0	1	0	15	0	0	0	0	14	4	3	24	10	0	0	0	29	0	0	6	0	4	0	37	1	4	0	0	0	0	0	0	6	12	56	2	0	27	0	219	0	0	49	2	0	0	0	0	0	25	6	1	0	0	6	0	0	15	9	0	77	0	3	0	0	57	0	0	2	0	0	0	0	20	1	6	0	2	0	1	1	0	13	0	11	0	0	0	1	0	11	14	2	4	0	1	5	0	0	0	6	0	9	0	77	1	1	13	15	7	3	80	0	10	0	0
sp92	33	0	1	26	18	1	0	1	65	0	0	30	0	0	1	0	2	16	0	0	8	9	0	3	3	10	0	33	61	24	0	90	0	1	1	25	0	107	0	0	0	3	3	17	0	3	31	19	11	0	155	2	0	25	0	3	3	13	0	0	0	4	0	1	1	6	47	2	5	0	72	0	2	0	43	1	14	9	60	14	84	19	9	19	9	18	0	0	0	62	13	51	0	0	58	10	0	0	0	0	22	89	11	0	1	15	46	0	3	0	9	5	101	14	1	0	1	0	27	0	0	0	2	39	6	0	20	11	40	4	1	1	142	22	0	0	39	10	5	14	32	10	3	27	1	13	0	0	0	0	7	8	0	0	81	0	0	4	42	0	2	0	0	1	5	4	5	31	1	15	0	4	0	0	1	2	61	86	3	0	13	0	13	5	6	37	46	10	39	23	8	114	15	5	3	2	5	0	0	0	6	1	0	79	129	0	0	43	1	7	0	0	14	2	11	24	1	0	12	6	2	0	0	135	0	3	37	1	2	4	1	1	68	19	14	1	0	1	5	64	4	0	8	0	0	8	4	18	13	4	44	2	0	4	3	1	7	0	0	30	0	26	1	0	21	4	6	3	0	7	57	1	1	14	60	0	0	26	0	0	2	0	1	4	13	0	3	0	2
sp93	78	18	1	50	0	22	3	2	24	71	8	4	6	17	12	6	3	0	2	4	0	0	19	75	49	41	0	0	53	7	69	53	49	6	0	3	57	5	76	2	5	29	49	51	53	10	10	74	0	80	43	0	8	3	3	0	0	48	8	5	22	0	1	9	21	282	1	8	16	0	7	0	40	43	304	38	50	15	5	0	0	20	21	65	0	0	1	118	6	86	56	27	2	0	75	53	8	78	2	7	42	40	26	29	0	16	5	37	1	34	56	83	8	20	94	26	99	179	3	48	13	0	5	64	160	40	14	174	2	48	0	3	17	28	95	3	41	41	25	0	39	1	88	0	10	70	19	1	0	76	12	20	64	3	7	0	60	2	18	6	71	43	0	33	55	53	30	56	38	13	0	0	22	0	11	29	41	17	21	4	32	23	14	0	16	14	88	20	8	102	54	0	1	52	45	16	4	113	1	1	42	16	109	6	26	0	108	120	13	0	142	2	71	211	32	59	141	53	333	7	45	38	0	3	1	39	0	49	0	35	27	14	52	16	76	189	3	216	52	6	9	204	60	37	162	10	187	12	197	94	0	10	36	28	0	17	0	1	3	13	8	15	0	59	59	1	2	3	271	68	98	285	0	8	45	40	18	0	11	103	11	0	29	6	6	1	12	58	31
sp94	0	0	0	0	1	0	359	4	1	0	21	65	0	0	9	1	140	0	0	61	53	0	0	0	6	0	11	0	0	0	210	0	56	7	0	0	0	0	0	0	0	0	0	0	1	37	4	0	346	1	5	0	19	0	0	0	40	0	23	1	0	5	0	0	11	9	0	0	2	4	21	0	0	0	0	108	6	66	0	0	0	261	0	0	0	0	2	0	2	0	0	1	0	9	240	400	0	3	123	3	10	0	0	0	8	61	311	0	0	0	9	0	0	0	0	7	0	0	11	44	122	0	14	0	16	0	0	0	101	196	10	91	0	16	133	1	10	0	0	69	0	194	0	0	0	73	0	0	41	4	0	0	41	88	0	0	0	0	0	143	0	0	0	0	0	0	144	37	0	0	49	87	17	0	14	0	0	118	421	3	12	45	140	0	0	1	0	0	2	0	0	421	218	1	0	0	0	0	4	0	0	42	16	0	179	0	27	58	39	36	10	0	0	5	0	65	55	0	68	21	0	0	0	516	0	0	0	21	18	0	0	0	0	3	0	0	111	3	0	0	11	3	0	1	0	0	0	0	0	3	13	79	15	0	0	1	0	0	37	0	0	0	1	1	0	50	21	0	0	25	1	3	0	0	0	227	0	0	0	0	2	0	1	79	0	9	8	0	0
sp95	802	2292	265	877	33	130	1198	534	885	453	216	856	2	676	1061	310	184	583	62	20	891	654	100	713	256	353	171	77	53	131	493	350	3173	158	158	801	144	412	6	666	408	779	95	157	36	510	218	100	231	88	323	996	197	640	288	41	1416	271	1	567	590	1389	827	353	699	198	507	662	795	374	76	952	26	391	1075	40	113	1507	538	382	676	30	502	53	1638	678	1116	125	253	564	175	458	42	958	715	378	727	130	234	1955	94	249	1958	1376	1978	77	81	910	223	311	184	100	203	1001	99	119	766	111	179	308	106	91	744	918	577	327	1320	451	303	562	415	188	401	1929	18	1687	811	107	145	45	362	330	228	70	33	36	152	605	691	307	1081	742	2231	661	164	127	680	1014	1246	555	490	608	550	1018	81	94	416	191	96	224	308	1228	214	99	17	663	862	351	455	556	544	1023	380	983	125	177	258	598	1394	141	869	332	5	139	311	541	438	275	1430	485	19	223	1046	362	802	63	659	217	1217	35	730	369	244	189	1579	1129	142	1032	56	609	113	433	1800	354	219	965	465	449	529	54	424	542	996	603	599	737	560	92	281	109	172	1090	96	515	814	322	627	73	482	1130	947	1106	449	1043	19	462	741	254	159	55	122	104	22	10	369	422	229	619	287	692	197	1035	200	1478	418	301	1112	192	781	231	327	283	156	454	68	237	514	463	167
sp96	0	4	41	0	3	8	4	1	0	3	2	30	4	12	2	0	1	10	1	0	0	8	18	1	5	0	5	6	0	0	3	4	4	3	9	16	0	8	2	13	2	16	4	1	14	5	1	2	14	3	0	2	8	0	8	7	0	2	2	7	2	0	0	0	3	0	4	14	0	0	6	0	3	14	0	28	0	1	2	2	0	3	3	12	27	2	25	0	1	1	0	2	0	2	11	0	5	0	8	1	5	6	0	4	9	0	6	1	0	1	0	0	8	0	16	11	8	6	5	6	0	0	0	0	0	0	1	6	3	6	2	1	28	2	18	3	0	0	26	0	1	1	3	1	0	1	0	10	0	7	1	0	2	1	0	2	0	0	2	4	1	6	9	3	15	0	12	25	23	7	0	0	1	10	0	7	0	19	5	1	0	4	4	5	9	12	15	0	4	0	0	14	3	17	0	6	16	1	0	4	0	2	0	1	1	19	7	3	4	6	5	3	1	3	9	6	7	4	7	2	14	7	34	7	7	0	19	3	5	0	0	8	4	37	27	4	0	3	8	0	2	0	1	3	2	7	10	12	11	4	0	11	1	12	0	17	12	1	13	9	5	4	4	1	14	9	0	3	5	6	6	4	2	0	1	25	8	3	7	2	8	2	4	21	0	5	8	0	0
sp97	1	17	0	28	1	1	0	0	0	0	51	0	0	0	0	1	0	0	34	23	18	0	0	0	0	0	0	0	9	1	0	0	0	0	0	0	0	3	0	0	0	3	0	0	54	0	0	2	2	2	0	6	0	0	0	0	1	4	6	0	0	2	1	0	0	16	2	26	1	0	4	0	23	9	0	0	0	20	0	0	0	0	19	0	0	0	1	0	0	0	0	3	0	86	0	0	0	0	1	0	0	19	0	29	0	1	3	0	0	2	0	0	0	0	0	0	6	1	26	0	0	0	0	28	1	0	11	0	0	1	0	0	8	0	0	0	6	0	0	0	24	0	4	0	0	61	0	0	0	0	21	0	1	0	0	2	1	3	0	0	0	25	13	0	5	0	0	0	0	0	11	6	0	0	18	0	2	0	32	24	0	0	44	0	0	0	0	0	0	0	0	0	0	17	0	0	0	6	111	2	0	4	0	0	0	2	0	0	0	0	0	0	40	1	0	3	2	0	0	4	0	3	0	6	3	0	8	13	0	4	0	30	4	0	12	5	4	8	68	0	0	1	0	0	0	9	0	2	0	0	0	21	0	11	0	0	22	0	0	0	5	0	21	0	3	0	84	0	0	0	4	0	0	0	0	0	0	0	28	0	4	0	6	0	0	1	0	0	34
sp98	23	0	1	54	0	1	0	53	44	0	0	0	2	1	83	25	17	0	0	1	0	4	6	0	10	0	0	0	0	28	7	5	0	4	0	0	22	1	0	14	0	0	0	0	0	0	1	0	0	0	0	4	229	2	24	0	0	0	0	0	0	0	1	0	0	0	30	0	236	34	7	14	0	5	0	0	19	0	0	0	0	156	67	0	0	0	6	0	0	2	0	1	0	0	0	0	0	0	0	0	6	0	1	0	301	0	0	0	0	0	29	154	0	0	3	10	41	0	1	5	0	6	0	0	0	0	0	0	0	9	1	0	3	0	2	0	1	0	0	10	0	0	0	15	0	0	119	0	11	0	28	31	4	1	1	2	0	0	0	0	0	0	0	0	5	14	22	0	13	1	0	0	0	0	0	0	0	0	0	0	0	0	0	35	6	0	0	1	1	0	0	80	0	1	1	0	94	2	311	63	22	0	1	0	0	29	0	0	0	1	0	0	26	11	6	13	0	0	0	0	35	7	0	0	0	192	7	27	40	0	0	1	0	33	0	1	20	0	7	0	1	0	0	28	3	0	97	5	0	0	0	0	22	0	0	0	0	0	0	0	0	0	0	76	5	4	0	0	6	0	4	34	0	10	0	0	0	40	84	0	0	0	0	7	13	0	0	26	12
sp99	2	0	1	0	0	0	0	0	0	0	0	6	0	1	0	0	0	0	0	0	0	0	15	0	0	0	0	0	0	3	0	0	0	6	8	7	0	23	0	0	0	0	8	0	3	1	0	0	0	0	0	2	0	0	0	0	30	0	0	0	1	10	0	2	0	2	0	0	0	0	0	138	9	48	0	0	1	0	0	0	11	0	0	0	0	0	0	0	0	0	0	0	0	0	0	0	0	0	0	0	0	0	0	0	0	1	0	0	0	0	0	24	0	0	0	0	0	0	7	8	5	0	1	0	0	4	0	0	0	0	0	0	0	0	0	0	0	0	0	0	0	0	1	0	0	0	0	1	0	4	0	0	0	0	16	0	0	0	5	69	1	2	0	0	0	0	0	0	2	0	45	0	0	0	0	0	10	13	0	0	32	0	3	0	48	0	0	5	0	22	124	0	0	0	0	0	0	0	0	0	0	5	7	2	0	5	0	0	1	0	0	0	1	7	0	0	0	1	0	0	2	0	25	0	0	4	0	0	0	0	0	0	6	0	0	0	61	0	0	8	17	0	2	0	12	0	0	0	0	0	0	0	0	0	0	36	0	0	0	0	0	0	2	29	0	45	0	2	0	0	4	15	0	0	0	5	0	3	0	0	0	0	1	0	0	20	0	0	0
sp100	0	35	0	0	7	31	0	0	0	10	1	0	0	2	0	3	1	0	0	0	0	0	15	8	32	0	2	5	0	1	1	0	0	2	7	58	0	0	189	0	30	0	0	6	2	1	4	8	40	1	39	0	0	8	0	0	1	0	4	0	24	4	31	0	7	3	1	8	0	12	0	13	0	0	0	7	7	0	0	0	0	0	0	1	1	0	0	0	3	39	0	13	0	0	0	23	0	0	0	0	0	1	38	0	13	1	0	0	0	1	92	0	9	0	0	0	1	16	8	0	0	6	0	0	48	0	3	0	59	2	65	127	0	6	13	28	0	0	1	0	0	0	32	0	0	21	22	16	0	3	0	0	1	1	4	17	0	0	0	13	0	20	1	42	0	8	1	22	0	0	5	1	0	0	0	1	1	0	27	1	6	0	3	18	8	0	0	0	0	6	8	0	14	0	0	0	0	3	2	3	0	0	0	19	8	2	0	0	0	1	0	0	1	0	0	1	0	0	0	0	39	63	49	4	0	28	41	0	8	2	8	10	4	27	0	7	62	0	6	3	22	1	2	1	0	175	25	0	116	0	189	89	0	0	2	26	7	0	2	1	3	0	0	0	0	0	0	0	0	0	4	10	0	0	0	0	1	0	0	0	15	4	0	1	0	1	0	10	39
sp101	96	24	98	247	135	29	0	186	0	198	225	8	427	2	130	252	9	9	2	33	102	897	195	314	3	42	2	0	1	1	78	0	10	0	9	607	174	25	71	56	49	41	842	47	159	2	217	1	22	0	393	47	0	0	19	69	0	42	0	491	35	39	106	2	19	0	422	2	48	255	0	44	1	0	42	0	0	9	173	0	182	85	0	1	1	90	357	2	49	24	5	180	29	29	0	0	362	0	38	0	15	26	0	32	29	31	344	0	6	0	0	1	52	0	2	761	101	26	186	1	25	4	137	3	14	1	0	8	17	6	112	200	1	34	65	0	264	2	3	4	11	599	27	5	6	27	10	48	0	68	553	0	6	4	13	14	24	2	0	54	126	0	98	1	0	0	33	49	8	176	8	194	0	0	0	12	0	8	14	65	120	0	372	2	61	499	14	85	41	137	48	0	14	0	253	253	0	3	1	244	73	1	40	3	2	5	147	0	123	0	98	348	93	0	4	114	18	1	58	8	15	2	0	3	0	77	262	217	3	88	5	21	47	4	66	37	3	1198	209	6	555	32	834	0	1	21	83	88	142	54	216	41	1	18	7	61	33	35	10	0	2	2	72	0	0	2	285	51	785	173	92	176	34	50	242	515	0	19	0	575	40	72	38	93	66	1	6	199	0
sp102	3	2	5	0	86	0	12	532	0	0	0	1	11	460	0	28	144	19	0	1	4	0	1	1	8	0	4	314	14	20	1251	5	383	0	2	161	11	440	0	1	50	189	2	8	0	140	97	16	0	6	3	45	610	908	651	40	0	0	0	9	195	199	11	0	6	25	271	1028	6	1236	46	0	24	27	0	11	48	96	29	0	210	58	248	1	0	5	8	98	0	0	20	0	34	133	94	0	0	308	283	225	118	116	8	232	0	67	8	98	11	177	0	109	99	68	0	194	65	1	0	140	0	34	244	291	6	132	0	130	17	3	193	679	0	49	17	60	0	46	104	606	10	1475	0	156	29	1754	1	68	10	1	1	0	0	706	3	1	121	3	1277	0	259	26	169	30	44	18	26	17	59	451	448	1	121	67	182	0	909	0	0	0	0	3	96	1327	12	34	17	0	438	0	4	465	0	2	1	12	7	80	0	2	1	4	3	0	3	312	38	0	4	139	204	0	2	100	12	290	1388	0	32	0	2	143	0	11	856	621	320	1072	689	38	305	46	0	552	249	712	14	112	45	1121	81	487	1023	27	1	144	620	0	8	286	584	649	11	158	0	0	75	0	74	0	1	24	178	1	143	105	183	0	16	115	3	2	2	6	31	0	562	1	1	25	1528	425	578	164	0	1	35	245	4
sp103	0	68	14	129	32	39	165	84	17	75	507	16	14	437	166	737	19	0	666	143	5	21	72	26	111	32	83	15	377	125	7	290	295	508	204	10	356	6	16	68	174	4	37	22	370	52	22	262	222	185	429	4	25	100	42	14	97	29	97	105	0	41	149	934	9	84	82	91	39	365	112	29	153	215	62	25	0	22	101	5	43	180	217	365	102	29	8	2	81	375	42	8	3	19	95	100	92	232	42	175	2	15	24	118	13	67	47	5	42	45	203	161	21	229	0	0	36	281	54	45	333	60	131	41	9	94	20	311	17	20	15	102	343	172	0	26	861	6	396	197	43	64	25	481	1	8	4	359	0	442	490	82	49	113	51	2	165	830	348	215	107	72	181	48	11	4	17	126	8	0	6	5	2	18	1	32	203	26	66	153	94	87	4	3	15	21	26	11	61	55	64	407	110	3	23	1094	90	59	28	74	491	43	43	96	113	493	10	31	64	393	341	185	29	348	161	42	0	3	165	36	74	128	380	71	122	28	74	715	118	142	143	417	8	95	501	420	74	291	91	578	13	16	24	166	333	1	1	186	151	30	257	59	111	5	244	26	159	39	388	638	0	64	78	21	14	295	40	94	161	327	42	249	61	29	32	266	7	14	63	198	135	411	67	114	198	53	107	4	65
sp104	42	3	0	10	0	0	0	16	0	0	0	0	0	0	15	1	0	2	0	0	3	0	35	0	0	2	4	0	2	0	3	12	0	0	15	13	15	0	1	3	43	0	0	0	0	1	5	0	1	0	0	0	0	0	0	3	0	0	0	0	0	1	0	3	0	80	1	8	0	0	0	0	2	0	0	1	19	3	1	0	0	1	22	1	0	2	19	0	17	1	0	9	1	1	0	0	18	0	0	0	0	31	1	6	43	0	12	0	0	30	0	1	0	0	0	83	0	0	0	18	0	0	0	0	6	14	0	47	0	44	1	35	6	0	0	0	0	2	1	0	1	0	0	0	22	0	0	7	0	0	0	1	0	0	4	2	2	0	0	5	0	0	37	0	0	26	6	0	3	0	3	0	26	18	32	0	0	2	0	0	17	0	0	0	0	0	0	34	0	0	0	0	0	0	2	30	24	0	0	1	0	0	2	0	0	0	5	4	0	1	0	0	0	6	6	4	0	0	0	11	0	0	6	38	0	0	0	11	0	0	0	53	0	0	0	0	21	1	0	0	3	0	0	3	0	28	14	28	0	6	0	3	0	0	24	0	0	0	6	168	0	0	0	0	0	0	1	0	0	0	0	2	1	0	1	15	14	1	0	0	0	1	0	25	0	0	13	0	8
sp105	0	43	0	59	0	3	2	10	30	6	224	6	0	103	1	2	52	50	27	0	1	7	53	1	50	27	172	0	3	30	0	121	3	0	11	59	0	4	0	5	18	28	31	605	26	0	0	0	131	46	15	27	0	2	0	14	174	17	1	40	1	6	31	24	39	20	0	6	18	0	66	8	0	63	66	78	0	11	1	0	3	6	0	9	0	94	10	169	0	19	11	22	2	1	50	0	0	3	2	89	10	59	0	22	33	140	6	14	19	38	204	62	0	8	6	0	16	213	4	259	71	0	0	7	12	11	36	1	0	0	19	18	15	60	46	5	185	16	24	9	1	3	215	141	29	6	30	58	152	10	54	28	3	0	1	3	5	19	0	9	19	0	14	6	0	201	47	8	62	46	16	12	26	1	0	0	7	0	8	4	10	34	43	21	3	132	205	4	93	15	0	2	3	20	18	10	1	0	30	0	53	81	80	43	4	16	0	0	50	61	2	16	72	16	69	8	32	0	0	5	3	10	0	0	2	18	16	156	4	6	21	107	0	0	8	5	253	40	8	0	17	0	96	60	90	4	60	4	8	6	0	241	6	3	42	6	6	5	0	97	4	388	351	3	1	33	0	222	0	124	29	4	14	0	2	2	19	345	11	0	0	52	0	38	37	119	2	22	0
sp106	0	0	25	19	45	8	2	5	44	48	24	7	0	0	0	4	0	15	16	0	1	3	1	0	0	36	0	2	0	3	0	46	12	117	6	32	1	0	1	0	12	7	3	9	0	0	0	0	0	0	0	0	0	0	0	9	8	1	0	2	0	9	2	13	19	0	0	1	2	0	11	5	40	1	12	1	64	1	6	0	0	0	7	12	25	0	0	0	0	0	2	0	0	1	2	9	97	58	0	33	11	14	1	2	1	0	0	7	158	0	4	12	0	0	4	111	0	1	0	2	5	0	1	0	0	11	0	3	0	1	39	0	7	11	16	5	18	2	0	0	11	11	41	0	7	44	24	8	0	28	0	1	1	4	1	14	0	12	21	6	8	8	0	4	0	8	4	16	9	79	0	57	32	0	0	11	37	0	12	37	112	1	56	0	3	1	16	1	8	7	29	30	2	68	2	33	7	9	43	13	15	31	0	35	0	31	9	6	1	3	10	7	56	0	1	0	6	1	0	0	0	0	6	16	80	9	1	149	1	18	7	7	5	0	0	0	33	0	65	3	13	1	55	1	10	0	0	3	0	20	0	18	0	0	1	11	47	0	36	7	0	3	13	117	1	8	65	0	4	1	0	4	27	19	0	0	3	6	0	0	0	42	1	24	0	0	27	0	0
sp107	6	12	41	0	0	0	4	23	74	4	1	0	8	138	7	11	4	1	19	0	9	4	1	0	266	50	6	32	20	1	11	0	4	144	30	92	12	0	1	22	0	15	17	0	0	1	17	27	0	7	0	13	110	8	15	30	0	5	1	47	2	108	15	0	33	0	0	36	194	0	20	0	0	0	3	211	6	217	2	8	17	2	56	42	0	0	23	56	76	0	0	1	436	0	0	14	0	5	0	0	127	0	118	2	0	0	74	0	9	0	6	10	5	2	77	0	3	0	1	3	0	26	14	0	2	46	190	0	20	1	6	66	36	0	9	1	0	0	73	13	0	165	27	0	22	36	0	0	0	5	50	0	0	18	6	7	5	4	0	121	22	5	0	0	31	6	90	7	13	0	0	0	1	0	69	3	227	59	11	2	0	10	65	55	1	1	10	104	0	0	6	0	1	0	3	5	4	6	40	12	1	0	3	0	4	0	0	0	10	0	0	64	0	8	1	2	0	2	0	1	9	198	0	14	0	0	17	17	0	0	29	10	0	0	22	77	10	0	0	1	2	6	0	510	0	20	4	10	13	526	214	0	0	0	3	3	6	6	19	37	0	4	31	30	6	3	0	2	20	0	0	58	1	62	8	24	12	78	1	155	17	11	59	4	10	42	8	3	15
sp108	0	0	0	0	0	0	0	0	25	0	38	0	0	0	0	0	0	57	0	0	0	0	15	24	16	168	2	0	0	0	0	15	0	0	24	172	97	8	26	0	0	0	0	0	7	1	0	0	2	44	0	0	0	0	0	0	0	47	0	0	1	0	2	74	1	0	0	0	0	0	0	5	0	0	0	0	0	0	0	0	0	0	0	6	6	4	6	0	0	0	122	0	0	0	96	0	1	0	0	185	0	0	0	6	0	0	1	0	0	0	0	17	52	0	0	0	0	0	0	0	0	0	0	0	0	0	0	0	1	259	0	0	0	6	0	0	22	0	0	0	0	0	4	0	0	78	43	0	0	14	0	68	0	0	0	0	0	0	24	0	0	0	0	0	0	0	0	0	0	116	0	1	0	1	0	0	0	0	21	3	0	0	2	0	25	0	0	6	1	0	0	1	15	17	0	0	78	0	1	10	0	67	30	0	0	1	0	0	0	4	0	0	0	14	4	0	0	0	0	0	96	2	40	0	0	1	0	3	1	0	23	0	2	0	0	4	45	21	71	0	0	182	20	12	0	0	0	47	0	0	0	9	192	0	0	3	32	0	0	0	28	2	0	0	0	11	0	0	3	14	0	60	0	8	0	0	22	0	0	0	0	10	0	0	0	0	0	0	4
sp109	0	5	119	13	6	1	1	20	345	96	0	0	0	570	0	0	0	0	0	0	0	0	0	0	47	10	1	0	103	0	38	54	0	0	2	2	22	2	0	0	25	0	35	0	0	0	0	32	17	0	83	0	11	16	0	0	0	9	165	28	0	1	4	1	0	5	0	3	0	0	31	1	0	2	27	0	0	0	0	0	0	0	0	1	71	18	0	3	379	0	1	119	6	0	22	0	0	53	0	0	0	1	0	0	101	0	59	0	1	46	0	0	0	0	0	0	8	0	1	0	100	0	14	0	0	4	0	57	0	0	0	0	0	0	0	0	0	0	2	0	0	29	239	0	0	0	2	0	0	0	4	0	3	45	10	28	0	0	107	0	0	0	72	8	0	0	0	3	0	57	1	0	70	0	0	0	6	1	0	0	31	0	0	8	1	12	0	0	2	0	0	3	0	0	0	0	0	0	0	0	0	0	2	110	0	0	557	0	57	0	0	18	0	0	0	0	1	1	0	0	0	2	0	0	2	1	0	0	492	0	0	0	0	117	0	0	0	2	0	0	124	0	0	81	0	0	1	0	52	0	0	0	3	0	0	20	26	0	0	0	7	0	15	79	0	61	4	0	0	0	1	0	0	2	0	0	0	0	0	42	1	103	0	0	80	1	32	0	32
sp110	11	6	5	0	0	14	6	29	6	0	14	0	58	7	10	3	16	0	1	9	14	2	0	54	9	0	0	102	3	36	6	2	53	4	7	2	0	60	61	0	17	1	11	2	17	92	0	33	0	40	1	3	14	0	16	12	16	6	0	0	0	6	64	4	1	1	4	10	55	92	0	13	4	48	6	3	8	7	0	75	94	45	72	0	10	1	10	7	0	14	37	3	16	8	29	6	2	0	98	0	13	0	0	20	13	0	0	0	0	82	0	4	31	91	4	10	18	3	0	5	40	0	48	1	0	1	10	4	3	2	2	17	103	41	166	6	33	0	69	23	20	1	15	5	5	96	0	23	0	0	11	42	10	0	17	0	10	0	2	93	20	0	0	130	1	10	1	3	44	0	56	23	8	20	13	8	0	25	1	38	0	25	15	6	0	2	193	45	32	56	0	0	22	0	15	0	17	118	6	0	55	0	0	11	0	1	25	10	8	22	7	2	3	1	0	1	23	0	77	0	2	50	0	89	0	11	21	0	0	13	4	0	0	48	0	0	14	0	19	0	8	0	2	6	0	18	6	0	3	6	0	44	0	1	3	8	15	0	1	0	29	3	0	8	0	7	25	1	4	0	0	42	55	7	9	0	10	53	0	1	36	8	5	31	0	0	19	0	27
sp111	163	0	76	90	1	2	0	0	22	63	0	1	5	17	1	29	34	0	0	23	4	13	1	84	5	261	1	37	4	3	0	0	2	28	283	6	85	28	1	2	7	0	3	6	97	177	5	30	184	0	21	0	0	0	12	103	33	5	0	2	88	15	25	40	0	363	1	87	25	123	66	40	1	4	1	62	291	1	162	54	49	58	74	15	0	23	0	15	117	0	36	10	0	508	0	97	0	5	1	0	55	249	15	1	2	249	26	0	24	0	287	0	7	197	3	14	26	55	0	21	85	2	1	1	0	2	0	11	13	0	0	38	13	0	79	0	12	31	65	3	0	68	0	121	3	20	32	4	13	15	0	236	197	0	0	172	109	0	12	26	26	276	6	1	0	72	4	1	84	236	0	2	2	109	22	1	0	19	46	2	0	3	30	14	72	113	24	185	23	0	2	1	43	29	0	147	2	2	72	129	29	0	1	2	8	0	34	3	43	61	4	13	3	300	0	0	9	333	52	4	48	0	8	7	1	0	11	61	53	18	258	64	32	13	297	23	7	17	7	3	3	4	0	0	2	2	94	0	70	7	0	1	93	29	21	0	36	122	134	15	253	33	10	6	46	8	33	13	1	125	6	4	2	89	1	0	30	44	2	130	65	137	16	19	0	536	40	2	19
sp112	1077	1167	1428	1264	5	857	344	582	833	1563	1	14	111	478	472	6	75	177	7	38	1782	44	338	257	241	0	415	35	230	267	295	541	80	681	580	196	58	25	183	15	9	62	83	8	501	296	426	603	567	404	746	52	1344	158	154	509	46	442	43	55	22	414	205	50	101	0	5	10	437	329	125	812	14	731	560	412	664	223	20	62	749	25	117	592	20	20	755	554	238	47	559	4	782	108	50	121	33	5	1242	70	492	14	356	1180	13	107	1163	445	222	73	144	251	15	197	49	1348	1569	695	84	273	3	42	479	683	168	773	513	256	67	511	425	2456	382	152	273	187	398	138	474	995	239	1649	5	1149	126	2	314	14	26	130	27	93	429	1238	171	12	378	161	30	195	432	196	426	1811	548	149	80	17	2153	480	18	1000	239	665	943	968	196	131	354	20	107	52	24	651	1209	249	276	2	473	26	464	32	394	708	351	333	959	212	457	151	1197	63	44	62	151	333	31	1533	3	163	117	40	217	80	164	560	253	20	482	2757	27	242	16	1172	470	50	751	438	1150	284	1297	492	106	178	195	222	625	1564	344	18	53	765	867	416	6	1023	307	12	37	296	346	44	614	42	382	2378	251	1555	455	81	85	349	1	10	91	533	51	781	174	39	133	0	286	47	268	100	322	281	262	193	1164	27	171	34	220	23	55	194	1421
sp113	1	158	0	0	5	8	155	0	183	2	4	3	0	222	0	98	2	2	0	665	0	57	288	8	0	202	39	5	33	0	0	0	2	0	81	1	0	286	0	548	0	0	2	27	0	0	18	81	0	0	0	3	203	0	3	986	275	0	1	2	0	218	89	83	2	0	8	1	0	2	85	0	0	1	0	0	0	92	0	0	0	0	0	0	68	53	264	0	8	107	136	127	97	4	9	0	63	47	2	0	0	0	0	0	0	4	10	0	0	22	23	55	252	0	1	1	1	33	0	78	371	0	0	405	169	19	0	770	165	296	0	36	235	1	94	0	0	5	1	63	0	0	251	2	2	3	159	116	47	3	4	2	4	0	0	0	0	144	0	2	13	21	156	662	0	3	1	0	1	740	0	2	111	0	241	70	61	0	38	0	446	152	8	0	7	0	11	0	0	78	0	245	0	3	0	4	0	153	0	39	0	0	0	0	4	0	0	67	18	3	0	16	36	264	80	0	8	12	115	208	24	457	1	0	0	0	147	17	29	50	58	0	2	0	7	79	0	0	3	0	0	20	289	142	206	0	24	0	0	168	5	177	1	3	2	0	0	34	128	14	1	16	0	47	184	1	257	9	42	5	0	0	0	775	92	195	4	6	1	13	0	0	8	1085	22	0	0	0	64
sp114	10	1	0	47	66	9	0	7	59	0	13	48	2	0	0	0	0	1	0	0	21	0	4	2	0	1	0	0	7	0	67	1	15	86	0	8	0	0	0	0	0	214	55	2	0	0	53	15	0	22	0	255	0	1	0	6	0	0	0	1	0	6	236	0	0	20	8	0	0	2	0	0	0	0	0	0	5	2	1	0	0	0	0	178	70	0	0	2	0	0	0	0	13	0	0	128	0	0	10	17	24	44	1	0	9	0	0	0	1	21	2	3	0	78	59	0	0	10	41	45	2	0	0	0	59	0	0	0	27	0	0	0	3	0	8	1	0	12	32	0	3	0	0	1	0	0	0	1	0	0	0	0	132	13	17	0	1	2	4	0	27	0	5	0	0	2	2	3	2	0	5	0	2	0	21	0	0	8	0	105	0	5	5	0	0	0	0	33	4	4	0	24	1	0	0	9	0	3	0	0	0	1	1	0	0	3	2	0	4	138	0	0	0	0	1	7	0	10	0	6	0	1	0	0	74	4	0	0	16	0	10	0	0	0	2	0	2	4	0	0	0	0	0	0	0	0	0	0	15	0	0	0	132	40	9	0	1	0	0	0	0	0	0	0	0	0	1	0	210	0	0	0	46	3	1	0	4	0	3	0	168	1	0	0	1	0	8	0	0
sp115	0	35	0	0	14	6	154	28	252	0	3	36	3	0	4	0	0	7	207	51	56	0	27	0	15	0	0	1	16	366	10	10	1	62	23	435	0	0	69	0	0	1	260	0	58	75	78	33	0	28	53	20	31	3	84	4	289	5	0	22	4	19	0	4	10	1	166	3	31	0	119	8	0	4	1	0	0	1	33	18	0	0	15	0	16	13	35	21	3	0	0	1	0	0	11	191	0	63	0	33	93	6	3	35	48	266	0	4	6	4	4	0	16	107	26	0	0	0	16	36	41	464	6	90	102	2	9	101	25	214	31	2	3	496	0	0	62	48	6	8	0	14	1	5	132	34	17	30	0	34	2	184	80	17	0	180	7	0	0	1	17	9	30	5	17	9	17	0	140	72	7	0	1	5	0	0	30	0	8	0	1	4	11	33	41	2	34	15	0	1	1	45	204	0	0	230	2	57	48	1	12	23	0	1	0	1	9	0	44	28	100	0	14	131	7	6	2	0	14	93	17	24	8	17	1	1	21	35	20	138	53	71	25	1	0	54	101	0	0	0	128	81	4	0	77	175	1	176	0	28	4	0	0	138	0	11	1	205	1	17	79	0	2	58	0	14	141	62	145	36	30	37	91	0	41	0	4	5	0	14	84	56	54	2	47	11	3	45	8
sp116	7	5	1	7	4	0	7	3	19	11	3	13	3	19	12	4	3	19	15	3	7	9	11	3	7	9	5	4	4	1	11	3	2	15	9	12	2	15	4	6	11	12	4	1	6	6	3	5	8	10	11	10	1	2	6	5	0	11	10	2	5	2	8	7	9	2	13	19	8	21	11	1	12	13	10	7	28	0	10	9	1	11	13	1	3	3	3	2	6	1	11	10	9	6	17	3	10	1	14	4	5	8	5	6	15	11	2	8	18	6	16	6	10	11	8	4	9	5	3	2	5	6	15	7	1	2	8	5	2	1	20	6	3	4	6	2	8	5	9	7	7	3	5	3	15	11	19	6	2	3	8	7	6	4	6	5	4	8	1	8	7	19	29	7	9	0	9	4	8	16	20	7	5	9	3	16	8	11	2	6	3	23	10	8	5	5	5	3	3	11	2	11	5	8	8	8	10	2	3	5	7	10	7	7	5	13	18	6	6	1	21	6	15	9	13	8	14	6	20	10	9	16	4	1	3	15	3	13	8	4	3	8	8	1	6	5	8	7	3	7	12	12	2	9	4	14	3	2	10	12	9	6	3	2	24	5	6	7	7	9	4	6	2	5	2	12	4	12	12	3	12	7	2	11	4	6	3	3	5	8	4	6	3	8	10	14	4	5	10
sp117	195	234	0	11	223	0	0	0	23	0	0	9	1	37	0	511	0	80	0	3	6	27	14	0	148	0	1059	14	0	137	0	4	4	111	697	314	6	1422	85	1	0	134	234	0	5	47	117	2	406	2	0	1	828	4	89	49	0	3	99	10	0	0	20	3	11	1206	76	0	1	20	228	42	336	10	0	1	0	0	5	0	0	0	0	0	0	57	6	0	0	182	5	1	0	12	220	1	0	370	62	2	802	118	0	14	0	0	103	11	37	0	92	10	47	0	0	269	1	0	0	1	0	2	0	0	0	125	0	153	103	17	12	1	351	122	0	404	41	0	19	59	3	370	0	0	16	0	5	153	206	84	49	15	1367	16	0	0	147	71	0	6	0	313	0	0	166	739	5	46	0	128	86	0	0	0	53	226	8	608	1	2	1	0	0	0	33	0	0	4	7	528	2	0	1	0	199	2	1	125	260	0	0	0	202	170	0	2	352	1	3	95	96	0	42	17	0	0	1	0	93	17	0	8	0	0	124	2	0	13	12	43	0	12	0	0	1	2	0	0	26	0	0	0	17	20	0	0	1	0	0	13	0	4	10	0	1	0	89	1	0	85	0	0	0	0	0	185	0	12	1	79	0	58	3	6	0	0	0	89	1	0	3	0	0	0	98	1	0	89	0
sp118	0	9	111	0	5	64	34	318	269	402	0	352	20	0	3	1	406	0	3	143	49	0	5	0	0	141	6	263	150	434	26	29	12	91	0	1	12	524	0	93	46	259	60	0	17	60	100	2	117	421	1	228	611	17	2	0	46	4	0	53	97	19	41	124	1	540	37	63	2166	1365	0	327	221	15	0	9	0	718	1	565	0	0	10	23	38	13	39	204	216	283	15	0	2	624	46	32	410	2	5	24	4	146	101	117	0	29	10	6	35	6	302	54	0	0	800	23	0	13	284	66	6	180	35	32	29	0	484	112	0	11	17	17	19	3	207	16	213	177	29	4	25	2	15	469	0	27	6	16	6	2	73	2193	0	4	0	93	0	191	1	1	26	1	812	37	212	0	363	72	12	90	0	2	95	385	7	151	249	230	17	0	64	67	1	6	29	342	32	0	0	1007	6	2	6	0	0	1	27	5	4	1	20	4	104	401	590	2	11	2	21	853	0	99	199	23	3	51	55	935	47	93	1	27	1	20	148	40	0	1332	0	10	12	179	32	0	17	278	302	891	33	0	400	0	354	0	520	112	82	1	844	198	46	3	157	0	73	677	511	3	40	3	13	45	13	243	120	0	122	270	14	32	1	140	23	458	0	662	543	107	3	2	87	901	150	0	118	0	40	28	52
sp119	0	4	79	0	0	1	1	0	0	1	0	0	9	0	18	0	89	0	0	0	4	0	0	1	19	28	0	0	2	17	68	2	150	6	0	11	1	3	40	3	1	7	6	0	0	0	10	4	6	0	0	10	0	0	17	2	0	2	0	1	0	0	0	0	0	0	61	1	0	8	7	38	16	14	9	33	6	0	5	3	7	4	0	16	15	0	4	0	13	1	16	4	1	4	15	5	0	0	6	0	15	0	0	0	5	0	1	33	0	0	0	0	0	48	11	0	0	0	2	3	0	2	10	0	57	7	0	5	31	0	28	0	1	3	0	0	0	0	0	21	0	1	0	2	0	57	3	10	5	10	5	0	14	26	6	3	14	1	0	0	0	0	67	36	3	1	0	20	65	7	57	0	0	0	58	22	2	0	0	9	2	14	0	35	0	2	0	2	0	0	0	0	0	52	0	15	0	0	1	2	0	0	0	0	1	0	0	69	7	5	0	0	31	31	0	2	0	1	0	1	4	0	6	42	0	0	0	0	1	28	2	5	0	0	68	0	3	10	0	7	0	0	10	13	25	0	43	0	1	14	11	12	0	0	24	0	76	160	0	0	0	0	14	33	0	6	0	0	0	1	43	30	0	61	0	2	0	8	3	0	39	0	1	21	0	0	0	1	0
sp120	3	0	9	27	0	0	1	0	2	0	1	0	0	4	1	17	0	3	0	0	1	24	4	7	3	0	0	0	0	3	21	0	0	0	0	1	4	0	0	3	0	2	0	1	5	10	80	2	2	5	0	0	0	6	5	0	7	5	0	45	0	0	0	4	2	1	1	0	23	2	0	3	1	0	26	0	4	0	0	4	2	1	0	18	4	0	3	0	0	1	0	7	5	5	2	0	0	0	0	49	0	0	1	0	13	6	0	6	5	1	0	3	0	0	0	6	0	9	6	0	0	1	6	0	2	33	0	1	11	3	2	11	6	12	25	1	30	0	41	5	0	12	19	10	3	9	3	0	4	0	0	15	0	0	6	8	0	15	0	6	6	13	3	0	11	0	0	12	2	1	22	0	2	0	0	1	7	4	0	15	0	40	1	0	3	3	0	0	0	26	0	6	6	0	14	0	11	0	5	0	0	7	0	0	0	1	1	0	11	1	0	2	0	7	0	0	0	52	3	0	0	0	0	1	6	0	1	1	0	52	9	3	0	6	28	0	8	4	0	8	1	19	0	4	24	1	6	1	9	0	7	5	5	11	0	13	0	0	0	9	3	0	0	5	1	0	0	0	8	0	1	0	0	0	3	12	0	19	1	0	12	6	0	14	4	0	1	14	2
sp121	25	34	0	0	1	7	2	2	9	1	2	26	14	5	1	64	19	0	0	2	24	7	6	9	8	0	1	9	14	44	1	3	37	10	23	1	1	5	29	2	42	1	29	13	8	10	76	42	7	2	27	10	8	0	31	0	0	46	0	1	141	1	2	8	53	13	1	0	0	2	65	12	28	0	10	2	8	40	1	1	1	0	113	7	6	3	11	2	17	18	1	1	1	28	0	2	66	0	51	53	18	8	2	36	7	3	6	0	2	33	0	25	0	2	14	0	22	2	5	4	0	35	85	0	0	7	1	1	0	49	0	1	1	2	57	97	42	1	0	0	19	134	25	19	15	4	7	68	8	7	6	0	14	17	135	53	0	1	1	2	7	0	44	9	13	15	3	7	24	6	0	0	0	9	11	40	8	11	0	8	1	15	58	0	74	1	16	4	3	6	0	2	2	49	12	0	0	0	0	1	8	6	0	4	15	30	3	34	2	1	31	8	0	33	26	6	4	0	0	24	0	9	1	0	0	1	12	2	12	1	29	3	23	0	13	7	25	4	1	6	0	6	2	24	19	0	1	7	2	1	5	6	0	3	6	1	31	0	2	38	47	2	4	0	47	17	3	1	0	1	10	0	5	13	20	0	9	1	4	26	0	7	23	6	15	5	74	14	0
sp122	72	22	6	134	40	2	0	1	12	1	7	21	6	86	120	2	62	4	0	35	72	4	35	1	10	5	18	35	3	6	5	14	11	0	18	0	0	0	210	0	10	27	0	117	53	2	46	5	31	5	0	45	70	39	9	41	8	1	33	9	1	0	10	1	4	35	9	0	373	35	0	1	1	42	170	72	88	0	0	3	1	0	1	12	0	22	57	4	3	8	18	9	1	25	31	50	32	13	0	0	16	6	65	1	2	2	1	16	0	7	0	1	52	25	20	1	48	2	34	39	1	0	36	90	2	0	0	3	10	34	50	3	0	0	32	0	0	25	29	11	67	68	0	0	24	9	1	8	0	33	10	58	6	204	2	51	10	18	12	6	25	2	17	2	5	0	0	0	21	1	8	4	1	2	0	81	18	6	1	5	78	74	5	11	1	0	0	137	29	10	0	21	177	139	0	5	0	1	33	0	120	29	14	1	3	0	175	36	2	2	1	17	0	3	2	9	12	0	0	1	0	0	99	1	2	1	313	116	148	4	9	0	11	0	156	147	0	0	46	11	2	17	77	86	0	21	34	112	90	8	36	6	3	1	7	0	24	11	12	1	2	0	4	5	2	28	37	18	0	2	0	44	98	1	60	11	54	55	0	0	27	41	21	2	3	15	9	15	29
sp123	1	14	55	44	27	620	7	10	1	179	0	59	23	18	40	1141	0	189	0	39	124	208	137	271	286	0	15	2	78	204	74	12	329	67	6	39	78	77	343	0	496	313	1	28	0	7	4	208	293	123	6	670	212	230	20	2	295	464	4	34	13	74	46	87	2	401	2	203	10	189	10	1	1	230	0	0	24	0	4	1	3	22	25	203	40	19	0	22	49	1	44	9	33	38	10	0	4	3	3	196	74	47	2	9	4	17	388	16	2	15	3	295	164	5	112	24	203	64	25	91	20	41	14	84	0	563	489	8	120	6	20	27	7	314	17	1	181	55	164	0	30	13	15	0	0	27	116	25	3	15	11	144	14	321	5	1	0	0	26	0	198	310	194	0	46	3	105	0	0	235	16	23	33	14	146	2	64	6	9	21	327	63	0	153	1	419	869	137	432	99	3	7	83	22	0	48	2	22	222	269	14	0	0	12	881	5	10	66	0	81	51	73	360	8	1	1	0	0	27	97	3	0	43	22	25	329	1	0	0	0	6	0	315	9	293	27	128	0	0	2	37	32	14	136	75	36	1	380	100	3	1	173	0	481	58	633	0	128	325	65	54	70	246	23	4	212	35	5	7	4	0	32	109	89	28	23	0	3	0	120	4	5	1	81	3	46	18	46	109
sp124	1	0	9	4	0	1	36	0	2	0	0	1	0	0	3	1	3	23	4	2	0	0	22	4	0	1	86	0	0	1	0	4	8	1	3	6	1	0	0	6	32	1	9	0	5	27	0	2	0	2	2	0	60	43	2	4	0	68	0	2	0	6	13	0	6	10	0	0	0	0	1	3	23	1	12	3	6	11	1	1	22	0	9	0	12	3	0	0	2	0	0	0	10	4	2	9	6	2	1	7	0	0	0	9	43	12	2	0	1	10	10	2	11	1	1	12	8	16	0	22	0	1	18	50	22	0	1	3	55	0	0	0	1	1	0	0	0	0	1	7	0	13	10	0	1	29	0	0	0	2	7	2	3	8	21	67	0	0	5	32	1	9	1	0	5	30	51	2	1	0	2	1	4	2	0	4	2	2	0	7	0	5	3	1	7	6	3	1	0	25	1	0	6	0	2	57	0	5	2	0	0	1	0	6	56	1	5	0	0	2	0	2	48	0	0	7	13	2	14	0	1	0	7	1	0	50	40	9	3	17	0	0	4	1	29	1	6	30	12	9	0	0	0	2	10	2	1	0	0	1	12	11	36	8	48	3	17	1	0	34	8	6	0	15	3	5	6	29	7	0	1	0	0	14	15	2	1	2	0	11	29	68	1	1	3	16	0	10	0
sp125	148	186	615	249	53	3	41	92	332	429	19	3	6	166	89	33	103	267	288	8	81	22	182	339	27	921	489	143	897	810	369	338	88	99	104	14	269	389	271	109	45	195	54	185	279	1178	171	82	75	451	1690	992	7	23	44	155	160	373	3	140	32	8	36	311	11	36	95	6	8	257	162	90	2	0	0	974	5	74	1	654	27	571	97	568	321	66	639	35	58	38	0	51	20	105	37	0	260	355	103	339	174	0	182	13	103	220	0	439	55	52	301	43	9	191	54	163	16	255	182	953	430	3	653	259	285	400	68	459	3	1102	2	51	101	116	98	274	3	4	24	1	258	19	342	18	217	34	1036	26	3	537	4	22	14	4	121	165	31	176	331	340	70	29	117	14	0	105	90	286	10	394	233	47	361	3	10	14	90	152	32	524	369	8	9	10	70	295	51	47	15	1227	61	133	511	45	10	239	0	71	958	377	50	117	39	861	107	835	187	0	8	145	49	185	344	203	619	26	28	63	145	10	284	145	190	116	267	111	20	70	38	0	4	166	496	62	44	21	157	61	103	146	0	228	767	402	1	85	7	137	28	508	1	77	224	147	128	5	863	2	417	38	39	54	231	12	738	5	51	297	316	903	508	235	117	55	42	6	4	122	279	3	3	59	111	49	609	966	68	410	344
sp126	0	4	12	1	8	17	8	1	2	3	4	2	4	4	1	3	1	19	3	0	0	0	0	2	0	5	0	0	2	1	0	3	28	1	8	11	1	0	2	1	0	0	0	0	0	0	5	1	3	3	16	2	4	10	0	4	19	0	1	9	0	0	9	2	7	0	7	2	0	1	0	1	1	8	5	0	0	1	5	10	3	11	1	0	3	0	16	40	0	1	0	10	12	19	0	36	2	0	1	7	7	0	4	1	0	5	1	5	0	2	5	13	0	10	6	0	1	0	0	4	1	4	0	9	0	14	4	23	0	5	3	8	7	0	6	1	5	5	0	0	1	6	1	9	23	1	4	3	0	0	6	15	1	0	0	20	0	1	8	3	0	8	1	0	2	3	21	1	2	34	9	0	0	2	3	11	18	19	1	5	0	2	0	5	5	0	3	0	5	6	0	0	19	4	18	2	4	1	4	14	1	2	5	0	4	10	4	11	38	0	7	1	9	0	0	3	0	0	6	2	11	0	2	2	0	5	3	16	2	1	0	0	1	3	0	10	5	3	0	3	2	9	3	4	1	0	1	5	7	0	0	4	3	0	0	0	1	0	0	0	0	0	19	9	3	1	11	9	5	0	10	0	2	0	8	3	0	0	0	0	1	2	3	1	0	0	8	9	7
sp127	1	0	2	1	2	6	5	0	4	4	18	6	17	4	8	1	0	4	12	1	4	1	1	0	2	10	5	0	0	2	5	7	1	1	6	5	1	4	9	2	16	12	2	3	6	8	5	7	0	3	1	3	0	6	0	1	4	1	1	5	9	15	1	1	2	4	7	2	9	0	1	11	0	5	1	5	0	6	0	8	0	2	0	5	0	10	0	4	2	2	0	4	1	3	0	0	17	0	2	4	12	2	3	1	7	3	4	1	1	4	0	17	6	2	0	1	0	10	0	0	8	1	2	5	4	5	5	14	3	1	1	3	2	1	2	2	5	1	0	9	3	4	3	1	1	0	3	1	1	1	1	13	7	4	7	9	7	8	19	3	2	1	0	5	4	8	5	0	0	4	0	6	2	0	3	0	0	5	6	1	3	2	3	1	4	8	0	5	5	7	6	9	3	5	5	3	6	0	2	2	2	0	3	3	1	2	1	0	8	10	15	6	10	6	1	2	6	0	4	3	2	12	1	0	3	1	4	9	3	4	7	0	8	1	7	2	15	1	1	4	9	2	0	2	3	10	6	3	2	0	0	3	0	1	2	2	7	3	5	2	0	6	1	4	10	3	0	1	11	14	2	1	0	3	0	4	1	1	15	0	0	4	1	0	6	2	6	0	16
